codigo_estacao,latitude,longitude,v5_p90,v5_p95,v5_p99,obs_p90,obs_p95,obs_p99,n_obs
A001,-15.7894,-47.9258,12.310060477319944,12.954418496810774,14.710176584142484,10.7,11.7,14.0,2108
A002,-16.6428,-49.2203,9.98311528448089,10.844196598000293,13.14922281430351,10.3,11.4,14.6,2068
A003,-17.745,-49.1017,11.155131321608955,12.003580753410802,14.341636960773412,12.429999999999996,13.8,17.0,2078
A011,-18.9692,-50.6333,11.067014023049667,11.872070934415145,13.674626057703662,11.8,13.284999999999991,16.8,1204
A012,-16.2606,-47.9669,11.567500547122046,12.365750670877839,14.18128987879785,12.4,13.4,16.674,2027
A013,-15.9028,-52.2453,10.32801701745029,10.942662286708353,12.682163431174214,10.9,12.5,15.976999999999999,1424
A014,-15.9397,-50.1414,10.768032812313805,11.574075474083921,13.360703880674153,12.7,14.125,16.8,1996
A015,-14.9797,-49.5394,10.645172006488368,11.729650896710902,14.110971339001585,11.8,13.2,15.82800000000002,1087
A016,-17.9236,-51.7175,11.373113882415652,12.20728156361316,14.130283634156376,12.9,14.3,18.477999999999973,2062
A017,-14.0892,-46.3664,12.593163291049967,13.354967398983355,14.668888367488433,12.7,13.7,16.176,1925
A022,-15.2203,-48.99,11.330676112434201,12.12812976030602,13.89755027213829,11.6,12.850000000000001,15.89000000000001,1911
A023,-16.9669,-51.8175,11.702238772330704,12.503506046374609,14.575137430509923,11.6,13.179999999999994,16.23599999999999,2065
A024,-14.1331,-47.5233,11.680679385038209,12.547383112956286,14.203840664741879,11.679999999999994,12.989999999999986,15.8,1223
A025,-17.7853,-50.965,11.735264103487621,12.916329935653811,14.880307318831127,12.3,13.75,17.760000000000037,1511
A026,-17.4547,-52.6011,11.781567290116742,12.832731320837885,14.620637946834304,12.490000000000009,13.7,17.338999999999988,1862
A027,-16.9625,-50.4256,11.371823162700643,12.354434648557465,15.366521538514373,11.0,12.3,15.0,2107
A028,-16.4231,-51.1489,10.589968861239235,11.50698559855337,13.251622862197399,12.0,13.5,16.4,1632
A029,-17.3369,-49.9147,10.56916649951772,11.528408306907746,13.27296679255015,12.2,13.6,17.08800000000001,2103
A033,-17.3042,-48.2842,10.141587044715836,10.84414404321107,12.34320348109823,10.9,12.1,15.571000000000003,2030
A034,-18.1547,-47.9275,9.610651273062832,10.322008914261577,11.741758936943409,11.4,12.4,15.2,2101
A035,-18.4097,-49.1919,11.937911184653249,12.96417577627715,14.830714020909568,12.1,13.8,19.31999999999998,2021
A036,-16.785,-47.6131,11.775577175131254,12.612606350683517,14.395031063969261,12.0,13.0,15.5,1763
A037,-16.6797,-48.6181,11.115644507099425,11.851077979255372,13.620248441834768,8.6,9.6,12.4,2103
A042,-15.5997,-48.1311,11.053443560867734,11.753825888117813,13.26352920714281,12.5,13.5,16.59699999999998,2104
A045,-15.5964,-47.6258,11.306675423795655,11.92551431367079,13.457085226752614,11.1,11.9,13.531999999999993,2069
A046,-15.9353,-48.1375,10.946345515369423,11.84759766539149,13.33606984972053,13.3,14.5,18.27899999999995,2108
A047,-16.0122,-47.5575,11.27105098027096,11.996522923828627,13.6542447590557,11.7,12.6,15.1,2108
A056,-16.3994,-47.6258,11.87012222526045,12.55626455615308,14.058313732849484,13.0,14.3,17.398999999999976,2102
A405,-17.7394,-39.2586,11.86148066480285,12.90924945500287,15.319868351522114,13.5,14.5,16.993000000000006,1308
A410,-14.6589,-39.1814,9.342195065833774,9.86656272526168,10.598445871921845,10.4,11.259999999999991,13.475999999999999,1125
A414,-14.8864,-40.8014,11.547320875883381,12.251665397396692,14.23089162508943,10.5,11.2,12.9,1885
A426,-14.2081,-42.7497,13.070444781246252,13.701508866126526,14.978519477950584,14.8,15.9,18.3,1851
A427,-16.3889,-39.1825,10.803881308012235,11.581379968609765,13.369473237468178,9.5,10.3,11.703999999999997,949
A433,-14.1819,-41.6722,11.60313126590829,12.25732631644347,13.43127344570132,11.1,12.3,15.978999999999951,2108
A437,-15.2803,-39.0914,10.648183126139848,11.600455638513651,12.971455898148745,9.7,10.5,11.8,1682
A445,-14.1714,-39.6925,9.774008671628087,10.436386743664002,11.688904374854324,10.7,11.7,12.870999999999999,330
A446,-15.2447,-40.2294,9.650812900039176,10.216135679282827,11.363214303027533,11.4,12.5,15.1,1535
A447,-16.0881,-39.2153,9.949055070048551,10.401372780603445,11.59093431650925,10.0,10.529999999999996,12.0,1475
A455,-17.0069,-39.5581,11.723953154381244,12.239667272125335,13.378919633267513,10.9,11.639999999999997,16.4,693
A502,-21.2283,-43.7678,12.044878941042262,13.719422164375798,17.145126177839657,11.720000000000004,13.7,18.4,769
A505,-19.6058,-46.9497,11.173796461430388,12.073611420298732,13.7621331688383,12.2,13.5,16.81399999999999,1987
A506,-16.6864,-43.8439,10.776530977330477,11.499451835243597,12.742174931782257,11.1,12.364999999999986,15.0,2108
A507,-18.9169,-48.2556,12.175170498439485,13.081813832427034,14.779701612376538,11.129999999999995,12.3,14.785999999999968,2108
A508,-16.1667,-40.6878,10.560728276507898,11.332494545653123,13.110858322631897,10.9,11.834999999999992,14.794000000000006,2054
A509,-22.8617,-46.0433,11.004015408348456,12.16501428609131,15.099226041850255,11.4,12.864999999999986,15.885999999999967,2108
A510,-20.7625,-42.8639,10.672785778681032,11.929174165613174,15.143285406565413,9.460000000000013,10.5,13.892000000000008,2105
A511,-19.5739,-42.6225,9.971349659924732,10.886072234866834,13.559855107127309,8.3,9.1,11.751999999999999,1925
A512,-18.9528,-49.525,12.370835017343028,13.394009833164507,15.478088993678037,12.7,14.1,17.872000000000003,1629
A513,-20.5567,-43.7561,12.406408458812052,13.391553322399206,15.181171739737863,11.8,13.5,17.2,1946
A514,-21.1064,-44.2508,11.605612273386976,12.71390132294976,14.711964409766045,13.9,16.4,21.8,2101
A515,-21.5664,-45.4042,11.089917271059088,12.18510456036562,14.467780416294891,11.7,13.2,16.2,2108
A516,-20.7453,-46.6339,11.078340932468665,12.221732177344967,15.124558575042052,11.5,13.0,17.3,1900
A517,-21.105,-42.3758,8.487933563886576,9.51470201609545,11.949060950952608,9.8,11.939999999999987,17.1,2073
A518,-21.77,-43.3644,9.79284995213954,10.995573186301991,13.962670049935932,12.9,14.7,18.994000000000007,2107
A519,-19.5392,-49.5181,11.540834888155105,12.378453573236603,14.549895293924653,12.7,14.0,17.7,2101
A520,-19.9858,-48.1517,10.77866930035465,11.55317160220341,13.908788385414454,13.7,15.619999999999981,20.2,2097
A521,-19.8839,-43.9694,10.323306607370757,10.992075361495896,12.989632310178456,10.7,11.8,15.092999999999984,2108
A522,-17.7989,-40.25,10.70682051517017,11.251773500850497,12.88534767572638,11.8,12.784999999999991,15.07099999999998,1344
A523,-18.9967,-46.9858,11.210870009782019,11.995339731228805,13.684849968199858,10.5,12.0,14.483999999999991,1917
A524,-20.455,-45.4539,11.433400167807317,12.65354626592856,15.362121680910871,11.4,12.5,15.5,2047
A525,-19.8753,-47.4342,11.584756026927161,12.46145711862548,14.624861623264877,12.220000000000004,13.2,15.7,2099
A526,-14.4083,-44.4042,10.641241821488302,11.392115980322426,12.895315251081191,11.8,13.0,15.725999999999999,1875
A527,-17.8928,-41.5156,10.594014782691302,11.510206555404876,13.615788683439161,10.6,11.75,15.370000000000028,1811
A528,-18.2008,-45.4597,10.517363426768066,11.451016526279766,13.293230945285266,11.2,12.389999999999986,15.515999999999986,2043
A529,-22.3958,-44.9619,9.749002674886174,11.216094477433248,14.235056158734194,14.560000000000013,16.0,19.415999999999983,2085
A530,-21.9181,-46.3831,11.596980325266143,12.7789944800598,15.232520162425061,9.9,11.3,14.3,1901
A531,-22.3144,-45.3731,12.700350639736403,13.980660039557709,16.553137050066198,8.3,9.6,12.8,2058
A532,-18.8303,-41.9769,9.259271025297503,10.214309241067985,12.783581327165637,11.1,12.6,18.5,1969
A533,-18.7869,-42.9431,9.675835806247187,10.449909257838264,12.352733144103022,10.9,12.725,17.690000000000012,2056
A534,-19.5328,-41.0908,9.817194008110725,10.639591218336296,12.85875959924886,13.0,13.8,15.941000000000008,1160
A535,-19.8853,-44.4169,11.57624389768009,12.571603823870538,14.61412859399169,9.2,10.3,14.2,2068
A536,-19.4819,-45.5939,10.322116930835147,11.440476317199236,14.027856905321839,13.2,14.9,19.623999999999977,2039
A537,-18.2311,-43.6483,12.080234498243646,13.069837769462376,15.118808146071416,11.4,12.5,15.5,2089
A538,-18.7478,-44.4539,9.90417094674071,10.855755112037611,13.074776807711597,10.8,12.2,15.942000000000007,1959
A539,-15.0858,-44.0161,10.350340524494724,11.11365888242314,13.068498645535456,9.9,11.2,14.092999999999984,2108
A540,-18.7806,-40.9864,10.535458249056775,11.257736031750522,13.432668581557834,9.4,10.6,15.778999999999952,2108
A541,-17.7056,-42.3892,10.92712533419889,12.070952007920964,14.714855547641701,10.6,12.0,17.4,1787
A542,-16.5542,-46.8819,11.114619802769408,11.912853217002842,13.932546909870352,11.8,13.5,17.1,2102
A543,-14.9122,-42.8086,12.834299494132017,13.50316542940493,14.412276437793457,11.0,11.6,13.1,561
A544,-15.5242,-46.4356,10.928215773721469,11.801994399212873,13.311432189163503,12.7,14.3,18.0,1324
A545,-17.2581,-44.8356,10.810912501106605,11.498425019455219,13.021448471580559,10.5,11.5,14.0,2102
A546,-17.5614,-47.1992,11.93258617809277,12.695804290613475,14.660491668239192,9.9,10.7,12.8,1587
A547,-16.3628,-45.1239,10.692621190329277,11.64144829384975,13.005953263929285,11.0,12.4,15.2,1649
A548,-15.3003,-45.6175,11.624457147121676,12.631842277837036,14.605353200779884,12.2,13.5,16.480999999999995,1820
A549,-15.7517,-41.4578,10.531942274007102,11.195095526875363,13.038625155829195,11.7,12.7,15.548000000000002,2027
A550,-16.5756,-41.4856,11.098283386202779,11.899782676286648,13.586009314812785,11.5,12.3,14.932999999999993,1968
A551,-15.7231,-42.4358,11.259505950236301,12.115549238920195,13.48719680723116,11.0,11.8,14.363999999999988,2037
A552,-16.1603,-42.3103,10.337201175185658,11.025925165633424,12.83704097286753,10.2,11.6,15.0,2095
A553,-17.7844,-46.1194,10.92295917897423,11.694783800502469,13.204726806192882,11.9,13.0,16.2,2000
A554,-19.7358,-42.1372,9.722961731879732,10.393566621472347,12.504343783756791,10.2,11.5,14.8,1942
A555,-20.0314,-44.0111,15.878383342760841,17.628811541780788,21.48618095995477,15.2,16.4,19.443000000000005,2058
A556,-20.2633,-42.1828,9.824630582271077,10.617037151182744,12.66949174601195,11.2,12.5,16.2,2064
A557,-21.5467,-43.2611,11.623421226459731,12.973067461861413,15.894580732790876,10.7,12.9,17.3,2104
A559,-15.4481,-44.3664,10.830043368326075,11.595823108380753,13.099427978054278,11.1,12.2,15.182999999999993,1918
A560,-19.2325,-44.9642,11.360649555511726,12.488678206670238,14.687848043961047,11.9,12.934999999999992,16.48800000000001,1154
A561,-20.91,-47.1142,11.568454350778069,12.373575656505995,14.990235720233859,11.8,13.1,18.476,1625
A562,-18.5206,-46.4406,10.841490968542113,11.620461387638192,13.3959514191735,11.1,12.2,14.78599999999999,1515
A563,-15.8028,-43.2969,10.35828979281543,11.071036286133575,12.35641316971775,13.4,14.5,16.7,1793
A564,-20.1733,-44.875,10.342389191214842,11.645037558951675,13.613650712100474,11.7,13.4,17.71300000000001,1530
A565,-20.0311,-46.0089,11.081280641990427,12.135977085966905,14.271147225898936,11.3,13.4,18.584000000000014,2059
A566,-16.8489,-42.0353,10.20925532927021,10.997226947631315,12.833921458053279,11.0,12.2,14.9,2091
A567,-21.6808,-45.9444,9.801215880606033,10.973041090526438,13.90833500115803,12.3,14.4,18.92,1581
A568,-19.71,-47.9619,12.894725884266245,14.019200169642087,16.782129528022416,12.9,14.1,18.298000000000002,1602
A569,-19.4553,-44.1733,9.417063899092096,10.232795804348648,12.17623246494397,11.0,12.5,17.070000000000004,1831
A570,-20.715,-44.8644,12.37717830211819,13.684140804327141,16.13466924948286,12.7,14.339999999999987,19.028,1873
A571,-17.2444,-46.8817,10.187801099692022,10.968189425357505,12.417940124273118,12.2,13.649999999999999,16.91999999999998,1491
A572,-19.9339,-43.9522,14.64864952995014,15.713543543183391,20.966823977221903,10.34,11.579999999999988,17.740000000000002,37
A601,-22.7578,-43.6847,10.450880952606388,11.46199173271554,13.502408780496875,11.7,13.064999999999985,16.385999999999967,2108
A602,-23.0503,-43.5956,10.701774577132706,12.411378434871018,15.544902022680727,14.6,16.0,19.251000000000023,1684
A603,-22.5897,-43.2822,14.02909414772627,15.770039907056692,18.86466406277901,9.8,11.2,14.271999999999979,1965
A604,-21.5875,-41.9583,9.332354196797374,10.107385469791982,11.838159824305892,9.179999999999994,10.189999999999985,14.5,1723
A606,-22.9753,-42.0214,15.459578356566158,16.79687206329845,18.896581158148003,18.0,19.34499999999998,21.9,1972
A607,-21.7147,-41.3439,13.689214772287901,14.789361438874797,16.349879311788445,12.9,14.2,16.58599999999999,1715
A608,-22.3761,-41.8119,11.90220381909277,12.733776073495394,14.404732942821802,12.4,13.3,14.9,2048
A609,-22.4514,-44.445,9.2799678901889,10.241981407147971,13.174798533418452,12.5,14.45999999999999,20.81199999999999,2089
A610,-22.4647,-43.2914,8.867415994914184,10.071096463321975,12.268517652920412,19.2,21.3,25.08699999999999,1372
A611,-22.3581,-43.6956,11.068318802442082,12.094794467661718,14.064409190969059,10.3,11.5,14.236000000000013,1883
A612,-20.2708,-40.3058,12.428178240724622,13.334066448817989,15.024676791067327,10.6,11.4,12.8,1958
A613,-19.9883,-40.5794,10.69489611956083,11.435413599882633,13.4480404205013,11.5,12.6,16.0,2103
A614,-19.3569,-40.0686,10.28374126206065,10.850503372304923,12.853963786607224,12.3,13.4,16.8,1720
A615,-20.6364,-40.7419,11.995531173226766,12.872881258472274,14.693260256437243,11.3,12.4,15.1,1961
A616,-18.6761,-39.8642,12.97063706415603,13.975537339828518,15.999855334761362,10.9,11.8,13.4,2108
A617,-20.7506,-41.4889,10.3130840687318,11.190650627698506,13.522846569824216,9.79000000000001,10.7,14.149000000000001,1852
A618,-22.4486,-42.9869,11.38365090854035,12.383267987803038,14.82880121326139,8.6,9.904999999999996,12.7,1820
A619,-23.2236,-44.7269,10.12095197865622,11.288038342244086,14.244459822102506,8.4,10.8,16.0,1947
A620,-22.0417,-41.0517,14.418219488903517,15.47978068802642,17.958235057708045,15.2,16.1,18.21199999999999,1989
A621,-22.8614,-43.4114,10.530666958801929,11.636245553340459,14.60843106927473,10.9,12.6,16.494000000000007,2107
A622,-21.1008,-41.0394,11.74419704333685,12.682300753087809,14.353922032221154,15.6,16.964999999999986,19.4,1908
A623,-18.6953,-40.3906,9.847687814766761,10.483259623404019,12.005133283778559,10.4,11.520000000000005,13.383999999999991,1117
A624,-22.3347,-42.6769,9.390793461281955,10.295706051580428,12.790772461636143,11.9,13.6,18.0,1636
A625,-22.0983,-43.2083,10.772363325508739,11.688032701520168,13.802318771774123,8.8,10.2,13.1,1937
A626,-22.6536,-44.0409,11.07169816322529,12.17946516283507,14.546486757330724,10.8,12.409999999999991,15.909999999999968,1019
A627,-22.8675,-43.1019,11.086578487430758,12.72457331921229,15.712649586863177,10.6,11.7,13.949000000000002,2052
A628,-22.9756,-44.3033,10.279381366149504,11.671358198678506,14.575371469744043,8.4,9.834999999999992,13.1,1994
A629,-21.9386,-42.6008,8.6853997957361,9.62937950017704,12.051038275947631,7.990000000000009,9.5,12.6,2022
A630,-21.9506,-42.0103,10.848754980461981,11.834729717171927,14.522954055085645,8.5,9.3,11.376,2025
A631,-18.2914,-40.7364,10.34326065016985,11.126450791704416,12.980559679093393,10.9,12.2,15.0,1654
A632,-19.4072,-40.5397,10.86022862174976,11.613276646260848,14.053006021668336,9.5,10.629999999999995,13.177999999999997,1975
A633,-20.3856,-41.19,10.361761596621756,11.43084921236195,13.98846947465605,8.6,9.15999999999999,10.731999999999994,1469
A634,-20.4669,-40.4039,11.853069584810473,12.732393830612054,14.506524651257008,13.2,14.1,15.668000000000006,2033
A635,-22.3739,-44.7031,15.134885334888864,16.996109312923558,20.429826799600466,14.6,16.609999999999992,22.844000000000005,779
A636,-22.94,-43.4028,12.492406488464024,14.058850615332979,17.291046750178772,10.0,11.4,14.449999999999955,2091
A637,-22.3472,-43.4178,14.385063867725659,15.472552954339976,17.70052970890214,9.3,10.18499999999999,13.37399999999998,1064
A652,-22.9883,-43.1906,11.36665126670038,12.431531592984589,14.64819044026471,14.6,16.8,20.0,2038
A657,-20.1042,-41.1069,10.320319261086764,11.250663912275169,13.463877578280613,10.6,12.1,16.8,1885
A659,-22.6458,-42.4156,11.327378743277729,12.295263575177025,14.596276543089878,10.329999999999997,11.3,13.4,2108
A667,-22.8711,-42.6089,11.311957076213544,12.203786662932352,14.078060151172187,11.6,13.2,17.196999999999978,2104
A701,-23.4963,-46.6201,11.208891897388522,12.198447583580375,14.973821026502828,11.9,13.7,17.819999999999983,2081
A702,-20.4472,-54.7225,12.173465017193744,13.496785353101664,16.078386897434154,13.6,15.0,18.82199999999998,2079
A703,-22.5525,-55.7164,13.481974070715104,14.944686245728235,17.477066103957014,13.3,14.6,18.03000000000002,1086
A704,-20.795,-51.7133,12.076638623690444,13.281143199723703,17.118555672278433,11.039999999999997,12.970000000000004,17.164000000000033,1107
A705,-22.3581,-49.0289,11.83778167411076,12.845534260567769,15.254725158564561,11.5,13.1,16.996000000000002,2105
A706,-22.7503,-45.6039,10.026826706668206,11.087431957757532,14.143370462108786,9.6,10.7,13.603999999999996,1297
A707,-22.12,-51.4086,12.415847081642399,13.60229487806067,17.192587980233824,11.5,12.7,16.6,2085
A708,-20.5844,-47.3825,11.325939768694768,12.386952983578448,14.753870065346733,11.5,12.719999999999981,15.5,1777
A709,-22.3006,-53.8228,12.371147449269648,13.725404889787352,16.627746950659983,13.3,15.3,18.901999999999997,2050
A710,-19.6956,-51.1817,11.735693224063146,12.836252470803647,14.857264998310724,13.1,14.8,19.506999999999994,1394
A711,-21.9803,-47.8839,12.894109350055283,13.95453697002283,16.55393926600811,11.3,12.4,15.1,2070
A712,-24.6717,-47.5458,11.358882647124766,12.710778507311627,15.077837002609147,11.4,12.689999999999985,15.357999999999993,1543
A713,-23.4261,-47.5856,12.665290865040044,13.728012858749944,15.823509520411427,12.020000000000005,13.5,16.6,1579
A714,-23.9819,-48.8858,12.485109313771535,13.451781295526542,15.817120760580574,12.9,14.3,17.826999999999998,2074
A715,-23.8908,-47.9992,12.369751775475663,13.572780752224679,15.686563940666648,13.2,14.7,19.283999999999992,1617
A716,-23.0006,-49.8433,12.744921207548366,13.658572631497595,15.427171070475241,13.9,16.0,22.963999999999988,1069
A717,-18.9886,-56.6228,12.433035588204115,13.497217048185496,15.749595431834782,13.3,14.9,18.8,1273
A718,-22.3728,-50.9747,11.80797001042086,12.65632301874332,15.426987312817126,12.190000000000008,13.8,17.588999999999988,1912
A719,-20.4756,-55.7839,11.596300640511986,12.809164806660869,15.704427161653397,11.960000000000013,13.579999999999995,17.03599999999999,1265
A720,-18.5122,-54.7361,12.921405464130299,13.964323445582458,16.593271423069545,11.5,12.8,16.194000000000006,2007
A721,-22.1939,-54.9114,12.667916652913862,14.01628409358214,16.886403764819846,13.6,15.345000000000006,19.369000000000003,1232
A722,-20.3956,-56.4317,11.536962836209073,12.50148583965951,15.01347145426053,11.2,12.829999999999997,15.951999999999998,1275
A723,-21.7058,-57.8867,13.765829072138391,15.098812636364272,17.48303431188271,12.8,14.2,17.455999999999992,1145
A724,-18.9967,-57.6375,12.471581180135784,13.878232147020036,15.91755103735669,13.9,15.5,19.029999999999998,1471
A725,-23.1017,-48.9411,12.638064170615328,13.558365789602023,15.818872527985324,12.4,13.8,17.58799999999999,1713
A726,-22.7031,-47.6233,10.995049980765376,11.879507553297454,13.669378543853604,13.0,14.7,19.833999999999993,1467
A727,-21.6661,-49.7347,11.44013087606978,12.549342309456406,15.214507837549899,11.0,12.2,15.5,1872
A728,-23.0417,-45.5208,9.92674579157027,11.18859376525283,14.088496048870656,12.3,13.7,18.364999999999963,1868
A729,-20.4033,-49.9661,11.79890812250047,12.697873210603678,14.800432390576372,11.4,12.649999999999999,16.08000000000002,931
A730,-18.8022,-52.6025,12.775914399274617,14.015621115543482,16.33625581996412,13.1,14.189999999999985,18.27399999999998,1243
A731,-21.6092,-55.1775,12.127186669498544,12.822468607327105,14.543006907754279,12.18,13.8,18.084,173
A732,-19.4203,-54.5531,12.52417247959852,13.63341766555084,15.561817125343786,13.89000000000001,15.2,18.555999999999948,1562
A733,-20.165,-50.595,11.391567833972267,12.286642620012016,14.423693349828277,13.0,14.75,18.329999999999995,1971
A734,-21.3192,-50.9303,11.576868650862304,12.740149478527274,15.069339299303284,12.5,14.0,18.727999999999977,1937
A735,-21.0856,-49.9203,10.77308646314079,11.57938075824273,13.322520061520637,12.5,14.4,17.826,975
A736,-21.1331,-48.8406,11.04264730954595,11.957234101758312,13.980461517161707,11.6,13.2,17.272000000000027,2058
A737,-21.8556,-48.7997,10.864307568875816,11.933078084065244,14.546848484562162,12.0,13.5,17.223000000000003,1878
A738,-21.7806,-47.0753,10.718239804133207,11.510514641935243,13.829245484253212,11.1,12.6,15.594000000000005,1707
A739,-22.415,-46.8053,10.432391077033902,11.866204608910168,15.213482525782883,10.2,11.6,15.542000000000007,1030
A740,-23.2283,-45.4169,11.856779019087385,13.360238595866695,17.326612518210723,11.649999999999999,13.325000000000001,18.765000000000008,1136
A741,-22.4711,-48.5575,11.936079300697095,13.005877481042711,15.566966331054418,13.1,14.254999999999995,16.691000000000006,1610
A742,-19.1225,-51.7208,11.067830607238784,12.0611964700504,14.076124350804335,12.2,13.864999999999986,17.073000000000004,1628
A743,-21.775,-54.5281,12.27059666110578,13.880374207700935,16.379712696848884,13.6,15.5,19.021000000000004,2080
A744,-22.9492,-46.5261,11.809259953210077,13.128977144616176,15.128893939102872,12.5,13.8,18.65999999999999,2041
A746,-24.9628,-48.4164,10.528403859821708,11.797593366412757,15.065681905018893,9.1,10.3,13.130000000000019,1286
A747,-21.3383,-48.1139,11.085687956809942,12.024181420312164,14.124803855074758,13.7,15.6,20.692999999999984,2108
A748,-20.5592,-48.545,11.211306154152524,12.054404600872967,14.07809074991713,9.5,10.649999999999999,13.2,1651
A749,-22.8572,-54.6056,12.901462865878505,14.660211184144977,17.484759542273142,12.7,14.2,17.752,1149
A750,-23.0025,-55.3294,11.864188738210451,12.980262682197544,15.789036410945062,12.3,13.404999999999996,17.022000000000002,840
A751,-23.9669,-55.0242,13.012109901701965,14.258738244972175,17.293605537308846,11.7,13.3,17.03799999999999,1463
A752,-23.4494,-54.1819,11.834530464805981,13.092534674923824,15.735012820869851,13.1,14.6,18.607000000000017,2094
A753,-20.3597,-47.7753,11.63381041787439,12.527535058539458,14.48037217853479,11.529999999999996,13.1,15.992000000000008,1978
A754,-20.9817,-54.9719,12.701129462033062,13.992710076074667,16.538437047080805,12.3,13.5,16.4,2098
A755,-23.5239,-46.8694,11.919104253700858,12.999782369290731,15.886403363287153,11.1,12.4,16.6,1846
A756,-20.4444,-52.8758,11.86501580401645,13.133559404250846,16.11920236034018,12.4,14.314999999999987,18.5,2038
A758,-21.4786,-56.1378,12.163121617792324,13.366118580036014,15.87277548205798,11.3,12.649999999999999,15.670000000000003,1831
A759,-21.75,-52.4714,12.046647393485285,13.723793577537599,16.89398829039538,13.0,15.1,20.5,1452
A760,-18.4928,-53.1714,12.328740398355338,13.540359689615139,15.970483124422069,14.1,15.8,20.173000000000002,2028
A761,-17.6353,-54.7606,10.237143692744736,11.410328696395915,13.28369200947713,14.3,15.7,20.2,1634
A762,-21.4578,-51.5522,11.708760554851171,12.916987727856187,15.335298407558106,13.8,15.6,21.1,1176
A763,-22.2353,-49.965,11.986728920410998,13.077727692644737,17.518459523364765,11.2,12.4,15.034000000000015,1584
A764,-20.9481,-48.4714,10.867332466993904,11.778813801149193,14.669500545236831,10.990000000000009,12.3,15.4,1362
A765,-23.8447,-46.1433,11.85248751264992,13.111568359228876,16.190955875491987,9.6,11.1,18.061999999999987,1247
A766,-24.5331,-47.8642,9.855228972692625,11.11537990883274,13.493505616347091,10.1,11.174999999999999,14.264999999999986,1246
A767,-23.8108,-45.4025,9.82901133198507,10.577760203802733,12.839594415837277,12.2,13.5,16.807000000000006,364
A768,-21.9272,-50.4903,11.269022375167152,12.327296071740431,15.160916397006531,12.8,14.2,17.79599999999998,1769
A769,-22.6889,-45.0056,10.590415670783996,11.523857696365924,14.110506512587785,11.7,13.439999999999964,18.804,1597
A770,-21.4611,-47.5794,11.356358993174041,12.531298002188361,14.772620451977385,12.3,13.7,16.694000000000006,2107
A771,-23.7244,-46.6775,11.206895809924072,12.702503168177017,15.986324810101715,11.1,12.3,15.5,1979
A801,-30.0536,-51.1747,13.160024136378745,14.486489062080338,18.03425401373068,12.0,13.3,16.643999999999963,2079
A802,-32.0789,-52.1678,16.408111266222466,18.010198993526515,21.104470113857634,13.960000000000013,16.0,19.3,2055
A803,-29.725,-53.7206,12.936252408637602,14.160991475428515,16.53259533385784,12.9,14.864999999999986,20.046000000000003,1628
A804,-30.7506,-55.4014,14.033103580001242,15.381967501349067,18.335181126321633,14.1,15.8,20.342000000000006,1830
A805,-27.8544,-53.7911,13.224222026443181,14.922149367587014,17.92691313738336,13.6,15.479999999999995,20.0,2085
A806,-27.6025,-48.62,13.03292943277285,14.237070994991331,16.655495688334554,12.2,13.2,15.5,1941
A807,-25.4486,-49.2306,10.529503766264149,11.945715065018103,15.174841131786142,12.149999999999999,14.0,18.394999999999982,2106
A808,-29.3503,-49.7333,12.785977945945588,14.40162908757257,17.726301186598583,14.0,15.644999999999982,18.7,1672
A809,-29.84,-57.0819,13.878538515661816,15.700615728190428,19.382815656612603,14.1,15.725,19.9,1576
A810,-27.8906,-54.48,13.242679296362043,14.865035039321352,18.342199030062705,12.3,14.2,19.6,1508
A811,-31.4033,-52.7008,13.615311567676866,14.981681191646437,18.42130637958346,16.5,18.0,22.2,1821
A814,-28.5325,-49.3153,15.591528667943518,17.236880001638355,20.660966407924313,9.8,10.9,14.105000000000018,1880
A815,-28.2756,-49.9347,18.55448555283449,20.644991481584064,25.377994717898325,9.7,11.3,14.252999999999997,2048
A816,-26.4064,-52.8503,14.596666665110039,16.035092592779403,19.269389015329118,14.2,15.7,19.9,1425
A817,-26.9136,-49.2681,9.909435614216934,11.224832350688125,13.97801986165741,10.4,12.8,17.403999999999996,1400
A818,-25.0108,-50.8539,11.428457074974864,12.899386751580934,16.337896853570225,11.479999999999995,13.0,16.915999999999983,1593
A819,-24.78,-50.0464,12.434365226404992,13.725441902276877,16.096353431289298,12.160000000000002,13.6,18.658000000000005,815
A820,-24.5333,-54.0192,12.637625596925243,13.760152146244597,16.56189695299437,14.3,15.914999999999987,21.146000000000004,2078
A821,-23.5053,-49.9464,12.721503117074056,13.896215773772017,16.882169390232253,15.4,16.5,18.752999999999997,1948
A822,-24.4339,-51.9539,11.871300224979555,12.96305869415508,15.86582905201411,12.5,14.0,19.230000000000008,691
A823,-25.5678,-51.0781,10.508512223506376,11.656676597667365,14.148834983484695,12.1,13.939999999999987,18.06800000000001,1833
A824,-23.3903,-53.6358,12.007341992839605,13.06175439563991,16.24774775446958,13.7,16.12,20.680000000000017,477
A825,-24.1839,-53.0489,12.367918622486355,13.527317429966123,16.204483655080793,11.9,13.9,19.664999999999985,348
A826,-29.7092,-55.5256,13.928409400222293,15.435982030620435,18.977447495883702,12.5,14.0,17.258999999999993,2042
A827,-31.3478,-54.0133,14.13087405360603,15.663856416954792,18.740236345695426,14.8,16.7,20.8,1965
A828,-27.6578,-52.3058,14.127447934748915,15.812076311355284,19.197787535786457,12.6,13.9,18.379999999999995,1721
A829,-28.7486,-50.0578,13.481064482074132,16.237163931880044,21.43114699160865,18.65,20.675,25.495000000000005,706
A830,-28.65,-56.0164,12.734645883964236,14.263641849424141,17.564909176099608,13.6,15.6,19.038999999999966,1988
A831,-30.3686,-56.4372,13.760181720237357,15.357551983611089,19.159123539041644,14.7,16.7,22.28800000000001,1805
A832,-30.3414,-54.3108,13.891277776115832,15.497861878108223,18.557100014642426,13.1,14.8,17.812999999999988,1988
A833,-29.1916,-54.8857,13.617649358789421,15.227931150263787,18.427578194468953,12.570000000000004,14.334999999999992,17.62099999999998,1794
A834,-30.0103,-50.1358,15.638185848482008,17.316617990104373,20.99912806075512,15.780000000000006,17.1,20.07199999999998,983
A835,-23.4053,-51.9328,12.218955768844769,13.521531580225982,16.490195023051744,12.1,13.8,17.829999999999995,1871
A836,-32.5347,-53.3758,13.744276777601637,15.112540012489946,18.703465388305,13.5,14.8,19.133999999999993,1967
A837,-28.8592,-52.5424,13.000200723930183,14.753443280573975,18.061849257492653,16.2,18.779999999999998,23.3,2105
A839,-28.2267,-52.4036,13.44769410071276,15.00100685067915,17.69452044045891,14.4,15.8,19.945000000000025,2086
A840,-29.1644,-51.5342,12.724965094407708,14.705506853198472,17.971740954657704,13.8,15.5,20.06500000000001,2036
A841,-27.1692,-51.5589,12.964138902097432,14.081248342353144,16.94471057395559,14.8,17.034999999999993,22.2,1754
A842,-23.4153,-50.5778,13.0235560746612,14.155055979951351,16.811654801808636,14.680000000000007,16.0,18.888000000000012,653
A843,-25.6992,-53.0953,12.681655052367336,14.503970268407128,18.077814747576035,13.4,15.784999999999991,21.185000000000038,1484
A844,-28.2224,-51.5128,13.108531427818178,14.610678827049176,17.918614311570938,14.1,15.8,19.589999999999964,2106
A845,-28.1269,-49.4797,10.522195056615047,12.273557453362995,16.535041169830095,27.2,30.0,35.16999999999998,1166
A846,-25.6019,-54.4831,12.753484824816347,14.391318510209041,17.774254868627036,14.2,16.1,21.19500000000003,1482
A848,-26.2866,-53.6331,14.198142503580927,15.863778615990089,19.158920911759264,14.3,15.8,19.1,1708
A849,-22.6394,-52.8903,12.859522602422082,14.40963823811292,17.199557588590235,13.9,15.5,19.38800000000001,1704
A850,-22.6583,-52.1344,12.279906544247567,13.60303624131204,16.213038299152352,15.2,17.4,22.407000000000018,1532
A851,-26.0814,-48.6417,10.068511646679688,11.26279923508875,14.69593956108567,9.7,10.9,15.513999999999987,1744
A852,-28.4172,-54.9625,12.151495018907152,13.833911285238086,17.042255746744438,13.5,15.2,19.4,1901
A853,-28.6033,-53.6736,12.726123884456419,14.327416533802117,17.092596962168777,15.110000000000014,17.154999999999994,22.330999999999996,2070
A854,-27.3956,-53.4294,13.076199180380552,14.866555354358217,18.19790032414322,12.3,14.0,17.517000000000007,2084
A855,-25.7219,-53.7481,12.706239627233328,14.146348890111593,19.254504032541995,14.0,16.704999999999995,22.080999999999996,1520
A856,-27.9203,-53.3181,13.282061359669001,15.060742167852188,18.163375929013274,13.6,15.8,19.894000000000005,1954
A857,-26.7864,-53.5142,13.04315453502281,14.735821483508815,17.31354520132222,14.4,16.5,20.643999999999963,1290
A858,-26.9386,-52.3981,14.791939807783868,16.390685886559314,20.50325987940789,13.7,15.6,19.815999999999985,1972
A859,-26.8192,-50.9856,12.154892695237224,13.754240255591572,16.59133050799581,12.3,14.1,17.74000000000001,1661
A860,-27.2886,-50.6042,12.501024730447488,13.895130368491767,16.839693540724653,13.5,15.3,20.095000000000027,1836
A861,-26.9375,-50.1456,11.847383279899342,13.636564906334854,16.924163453434783,10.7,12.8,16.81099999999999,1690
A862,-26.2486,-49.5742,12.574246911508617,14.208804145269008,18.183590859854583,11.7,13.6,18.0,1976
A863,-27.4183,-49.6469,11.283558534967174,13.09878852871549,17.037429530541566,10.9,12.9,17.186999999999987,1714
A864,-26.3936,-50.3633,9.504992648252513,10.92838732311165,14.022393788811838,13.7,15.7,19.938000000000013,1855
A865,-27.8022,-50.3356,11.724545846309566,12.992220835026215,15.889542244351258,13.2,14.8,18.0,1518
A866,-28.6044,-48.8133,14.501081805656852,15.646653997555335,18.19308853630664,22.3,24.889999999999986,34.13799999999999,1032
A867,-28.9314,-49.4979,12.292880392573327,13.64766238906044,16.16479963063433,13.4,14.9,18.7,2004
A868,-26.9508,-48.7619,10.47924394706468,11.553388167127084,14.580348091762616,10.0,11.5,15.692000000000007,1805
A869,-23.3592,-52.9319,12.02888975944839,13.101342576147532,16.465470620047554,12.0,13.834999999999992,17.234000000000016,1734
A870,-27.6786,-49.0419,14.604614751782071,16.148469281961003,19.53586605664031,12.970000000000004,14.7,18.6,1324
A871,-23.7733,-50.1806,12.527976802630242,13.40409114894296,15.520403905644658,12.4,13.644999999999982,18.708999999999993,1692
A872,-24.2803,-50.2103,11.908713464162394,13.198831891822405,15.999765684153699,12.3,14.3,18.375999999999976,1263
A873,-25.5089,-48.8086,8.982918026330019,10.530726046453387,13.543026136470061,9.9,11.394999999999982,16.095000000000027,1882
A874,-25.8356,-50.3689,12.185529658609576,13.522259489241497,16.756307129212303,9.190000000000008,10.4,12.949000000000002,1852
A875,-26.3986,-51.3536,13.34212198888575,15.186129271770248,18.86964321961678,10.7,12.0,15.3,2064
A876,-26.4172,-52.3486,13.34131590116502,14.861097872435584,17.812398471816334,15.0,16.7,21.048000000000002,2053
A878,-31.2483,-50.9064,16.05874543031737,18.26327672144439,21.83365906386122,20.2,21.7,25.183,518
A879,-29.3689,-50.8272,13.189035895371969,14.944248640948624,18.366008931643563,13.9,15.5,19.94000000000001,1681
A880,-28.5136,-50.8828,13.0169206776509,14.331828144118113,17.164595242670792,13.9,15.8,20.778,2023
A881,-31.0025,-54.6181,14.109554374660204,15.79834875887185,19.138338537399825,14.9,16.7,20.926000000000023,1630
A882,-29.4492,-51.8233,12.538997382508358,13.964822430161268,16.567194308813026,13.7,16.6,21.131999999999994,1869
A883,-28.6533,-53.1119,14.433778248422588,16.25335101901981,20.351900921884024,12.7,14.3,17.533999999999992,1767
A884,-29.6742,-51.0642,12.398947750944176,13.77425361327749,17.808937206621973,10.7,12.0,16.2,2001
A886,-29.0894,-53.8267,14.087828105709985,15.971514256430906,19.99147633221602,12.4,13.6,18.238999999999987,2062
A889,-29.7022,-54.6944,11.972783672458954,13.409755966274446,16.0371381812116,14.4,16.2,19.837999999999987,1963
A893,-30.5431,-52.5247,14.204733853284743,15.884644214848526,19.11114149000771,13.7,15.4,19.088999999999988,2012
A894,-28.7047,-51.8708,14.474873455069696,15.93381832247711,19.49863539837496,11.1,12.8,16.694999999999983,2106
A895,-27.0853,-52.6357,12.67658776676786,14.110421616496462,17.277241252932313,15.0,17.3,21.78800000000001,2107
A897,-29.0492,-50.1497,15.318676737986014,17.021573349203564,20.660995252118326,14.45,16.5,20.005000000000017,2096
A898,-27.3886,-51.2158,13.848437001502283,15.408541222055314,18.880467268914458,14.2,15.775,19.894999999999982,2106
A901,-15.6069,-56.0608,10.93355434734662,11.825339624023599,13.547319759461994,11.0,12.2,16.127999999999975,1887
A902,-14.65,-57.4317,10.466751940453518,11.455194261051725,13.438645054059979,13.120000000000005,14.409999999999991,18.66199999999999,1839
A905,-13.7858,-57.8386,12.178697636601953,13.367984770995374,16.599354139209037,12.0,13.3,16.22800000000002,1237
A907,-16.4625,-54.5803,10.109883176912923,10.970746058402817,12.842045437786854,12.3,13.8,16.700000000000003,1751
A908,-14.0164,-52.2117,10.03832762918672,10.939541262842319,12.574044441073896,12.7,14.2,17.155999999999995,1523
A909,-17.3394,-53.2244,11.852983516018336,12.850075753636629,14.838941604230882,12.2,13.339999999999987,16.048000000000002,1953
A912,-15.5589,-55.1794,11.458003971019991,12.508839638297168,14.57768425702369,12.9,14.259999999999991,17.752,1949
A915,-14.4214,-54.0361,11.734499436977183,12.96799748156292,15.573852114503941,12.7,14.019999999999982,17.973999999999958,919
A923,-15.58,-54.3811,12.080601304634497,12.905280003135935,14.523018842725456,14.3,16.254999999999995,20.491000000000007,1210
A931,-14.925,-53.8844,11.68508688839038,12.46295913683459,14.520452744481888,12.3,14.0,17.795000000000005,1506
A932,-16.3417,-53.7661,11.37263082995846,12.284645026397957,13.953095231711059,11.1,12.2,15.7,1504
A933,-17.175,-54.5017,12.980881079440676,13.937156713522674,16.131988648180684,9.6,10.9,14.922000000000002,979
A934,-17.8411,-53.2894,12.469938419999599,13.389343835223855,15.433364041945945,13.6,15.0,18.9,2098
A935,-15.3247,-57.2258,10.984946654143231,11.826290706608667,13.74501651934938,11.5,12.9,16.33799999999999,782
A941,-16.0747,-57.6931,11.52312525150054,12.104582291785155,13.58967199647996,10.88,12.039999999999997,15.211999999999989,373
A944,-14.8289,-56.4419,11.26536767015859,12.20985763322214,14.146529946383144,10.4,11.6,14.13800000000001,1655
B803,-24.5708,-52.8003,11.921076467134226,13.560231165597123,16.60086477855531,13.6,15.1,18.631999999999994,1169
B804,-25.3714,-52.4008,12.745805820757933,14.210626589895188,17.859323214198152,14.2,16.2,20.760000000000037,1161
B806,-25.3225,-49.1577,11.94883080804418,13.512595162593026,17.14919566566362,10.6,11.914999999999987,15.2,2098
B807,-30.1861,-51.1781,12.657924533438493,14.425595603507695,17.66890094359491,13.4,15.225,21.255000000000006,1016
B808,-29.9514,-51.1242,10.230370551423906,10.361712507701377,12.326508959037893,10.930000000000001,11.639999999999997,12.071,30
B809,-29.8139,-51.1567,11.84189511197932,12.025639169528283,12.231806231678288,9.890000000000002,12.754999999999994,15.333000000000002,30
B810,-30.0967,-51.6739,9.352891954144907,10.614698400889136,10.816003617897026,12.42,12.655,13.481000000000002,30
B811,-30.4942,-51.6633,12.063595076497927,12.52430803708172,13.472758476787892,9.850000000000001,11.289999999999996,14.656000000000002,30
B812,-29.9656,-51.6256,11.413497877841436,11.986997956498364,12.211077163410309,9.64,10.274999999999999,10.713000000000001,30
B819,-29.6558,-50.6181,12.246259358059461,12.527892429338221,13.182293466253096,11.750000000000007,16.13,16.4,30
B820,-29.4422,-50.5603,13.990605961190875,15.872903421524299,17.62499727548787,12.4,12.655,13.700999999999999,24
F501,-19.98,-43.9586,11.81161044209255,12.523568012315703,14.293399871827525,17.6,19.71999999999998,24.076000000000022,2057
