codigo_estacao,v5_maximo,obs_maximo
A001,17.42404522379997,21.0
A002,16.524826756837086,23.2
A003,17.911049046402397,23.2
A011,17.356625580249,23.1
A012,21.83358528659574,24.5
A013,15.530206725006503,18.5
A014,17.712659509721668,23.9
A015,17.282747847091652,23.7
A016,17.369032438881472,23.1
A017,18.381121234664192,23.5
A022,20.318502990873423,24.0
A023,17.23154299904595,24.1
A024,16.93721168620742,20.1
A025,18.259845655829814,25.5
A026,19.022496786511315,24.8
A027,22.888014936251782,24.2
A028,15.85297144017628,21.7
A029,17.88407584623875,41.4
A033,16.83101861695939,23.5
A034,13.720268131258292,19.4
A035,24.06786782825297,23.4
A036,23.902375283296244,24.6
A037,18.856382786741364,24.1
A042,17.339400329157606,30.4
A045,16.398632147149613,21.5
A046,16.811008576920443,26.6
A047,20.28361718929309,22.8
A056,18.051847350481466,39.9
A405,18.95468551302514,19.5
A410,12.34728140825828,29.5
A414,17.858565622193595,23.7
A426,17.456700813109965,20.9
A427,16.75037963755618,14.4
A433,15.171237468720324,22.0
A437,20.177265991864985,14.8
A445,12.879114750323394,14.5
A446,13.020993801219571,25.9
A447,14.572194903886684,19.1
A455,15.476106991112204,23.8
A502,20.392880024711566,21.8
A505,16.784179442693986,25.0
A506,15.11906967086668,24.6
A507,17.737395032849484,19.9
A508,16.667256722535477,22.4
A509,20.851356379451765,22.2
A510,22.044103483845966,21.4
A511,19.52480703832348,15.8
A512,18.331192020194763,33.9
A513,18.02197884636671,23.4
A514,18.671654122137113,35.3
A515,26.714302731781885,23.6
A516,18.282048211812626,24.3
A517,16.29418277727958,22.5
A518,19.64365409549457,27.6
A519,20.99243685718355,24.3
A520,18.186750716805484,24.5
A521,19.203753580007604,24.2
A522,28.85539641470276,20.9
A523,16.30378659069938,20.3
A524,19.130800507539032,21.0
A525,17.145957394839492,20.9
A526,17.981840182998994,21.3
A527,22.94344963835319,24.2
A528,16.923105440405052,21.2
A529,18.786117032055696,24.5
A530,28.58925449859735,23.2
A531,22.294188882301643,20.9
A532,16.822478458173723,26.2
A533,16.260196999047125,24.8
A534,16.7622270270744,22.3
A535,20.4597932599516,19.4
A536,21.325263606902283,24.8
A537,18.76971343616463,22.0
A538,16.801426496424376,21.8
A539,16.55819978489138,22.8
A540,28.987024687431518,21.5
A541,18.42364445097034,24.0
A542,19.33666600586964,23.5
A543,15.994491004298592,20.0
A544,18.621010385961704,22.9
A545,16.37400358480238,18.3
A546,19.59285067647493,18.6
A547,16.532144543753873,19.0
A548,18.986218550468955,24.4
A549,17.352947403107784,22.7
A550,17.00497135320564,22.8
A551,16.035827685781886,21.0
A552,15.041629105578638,20.1
A553,16.5570260217845,21.9
A554,16.550335378945867,22.3
A555,26.42321703102518,23.5
A556,16.054778592092298,23.8
A557,20.337306630509346,24.8
A559,16.85358877749916,19.1
A560,20.51533968624089,19.4
A561,19.140225334375415,24.4
A562,16.484007840894215,26.3
A563,14.369906638545451,21.6
A564,17.159002203397193,25.0
A565,17.464966490608866,35.4
A566,16.92150833594565,19.7
A567,18.590554096816252,46.0
A568,19.983857993098955,24.1
A569,16.799369886856397,23.8
A570,20.330147645793293,38.1
A571,15.729407000958947,27.5
A572,22.127838143336792,19.9
A601,18.051192789685693,23.6
A602,19.502308372722773,24.7
A603,22.67524152490933,27.7
A604,15.485201046908296,19.0
A606,23.31093970307848,33.9
A607,18.921679048455115,36.3
A608,19.01489774393184,22.4
A609,20.088898536196172,35.5
A610,20.162155715927867,30.1
A611,18.56580458338902,20.1
A612,18.010012946435957,18.5
A613,16.814742359519386,21.4
A614,29.79706873495831,39.5
A615,16.44540320000676,30.7
A616,20.3592240362678,21.5
A617,15.90101656882949,24.3
A618,18.275462427964428,19.3
A619,19.783200336645443,21.6
A620,26.97522566343271,20.1
A621,22.8070875901221,22.8
A622,20.468188685248442,27.2
A623,24.190450118330006,20.0
A624,20.037169655819664,24.7
A625,17.488496644592473,21.2
A626,18.737373136483477,20.7
A627,21.006547185431344,18.4
A628,19.71790310795846,17.5
A629,15.183892387408164,23.5
A630,18.511816663594896,18.7
A631,20.72168181479747,48.6
A632,20.539072938174534,46.3
A633,26.90918876902725,18.4
A634,18.16251666781615,20.3
A635,24.01982109579017,31.0
A636,22.898802633455244,30.0
A637,19.99690002352607,19.3
A652,19.681504366747973,26.0
A657,16.405205408250687,40.0
A659,22.348225496754736,23.6
A667,16.949737887404122,27.0
A701,22.17261695308486,25.0
A702,24.55312304843894,28.4
A703,22.881216357639154,20.8
A704,21.999890740216124,25.1
A705,22.351337451436432,24.7
A706,18.402108482419106,18.9
A707,24.953611513030268,24.0
A708,18.70774657289023,21.4
A709,20.54596223615436,36.1
A710,19.326470499421106,31.3
A711,20.75330703682194,19.2
A712,18.906813932674833,23.5
A713,26.03289298905113,25.4
A714,19.199272649661623,24.1
A715,23.52431853308561,24.4
A716,21.509368017939625,35.0
A717,20.85069830974263,23.2
A718,22.965311942202653,23.8
A719,19.147330409260622,22.4
A720,19.316821661902537,24.3
A721,24.110468730379857,29.5
A722,19.454477560562026,24.2
A723,20.74461176474218,24.1
A724,19.873933682520498,40.3
A725,24.254664364741387,25.0
A726,19.102217475226126,26.4
A727,21.897686399953614,24.9
A728,21.15164266172968,24.7
A729,16.361487135429037,20.6
A730,20.869207334449783,23.0
A731,17.91357771505161,20.3
A732,19.589050350913976,24.9
A733,20.40872200677778,22.1
A734,22.0959191704395,28.6
A735,20.68160067784538,24.3
A736,17.192459733282213,23.1
A737,20.66424800764021,24.8
A738,19.75194517406441,22.8
A739,21.24816068916065,20.6
A740,20.89964329033538,27.8
A741,21.799480858288206,22.7
A742,20.916222438157078,23.4
A743,27.188658724354575,30.8
A744,21.315832326791405,42.3
A746,21.117367849405724,17.7
A747,18.606963423089677,26.2
A748,19.111981586232808,18.5
A749,22.860147035087195,21.6
A750,17.83367485643056,22.6
A751,23.482502827254823,21.0
A752,21.111740542470727,24.9
A753,18.49098799858327,22.8
A754,26.570248202473643,27.1
A755,23.008471722956692,29.2
A756,20.543136872788136,24.8
A758,21.678249563285995,23.0
A759,23.097917690917686,26.0
A760,20.00713607055791,24.6
A761,16.40719716422195,24.2
A762,22.16366600517237,41.3
A763,25.411439310099215,33.8
A764,19.385066641787684,19.5
A765,22.563327990584572,27.1
A766,17.584009774923384,38.4
A767,14.31936705000107,26.5
A768,22.499927250741266,26.2
A769,18.086596386161848,27.9
A770,18.283785447089556,22.8
A771,23.092603789336188,29.9
A801,25.29978163812083,25.0
A802,27.631278567520837,31.7
A803,22.129463050688493,26.0
A804,25.64182292603875,31.0
A805,24.944893316744363,35.3
A806,21.925483589301052,25.6
A807,22.116410014312084,26.7
A808,23.421442139022233,23.0
A809,25.304180379734593,28.4
A810,26.058304026951912,25.3
A811,28.19903775145823,30.6
A814,31.141444186323653,23.6
A815,30.84381382632221,25.7
A816,24.489254683568003,25.0
A817,21.20828155060645,33.6
A818,21.386584602938406,22.2
A819,20.69854305628783,25.6
A820,20.83570503392263,29.2
A821,23.874574922462884,25.4
A822,17.828366908706506,29.2
A823,21.48760683239994,27.0
A824,17.725488470845665,30.8
A825,18.033788683591087,25.8
A826,23.169731941537663,25.9
A827,27.524270787948517,28.0
A828,23.050074567993242,35.2
A829,26.508117793123077,28.3
A830,24.253426354610966,30.8
A831,26.428691374936044,30.2
A832,25.073995806159353,25.5
A833,23.784261437371725,35.6
A834,24.814125993578138,28.3
A835,21.408470748731066,30.6
A836,25.023014956056315,34.7
A837,22.02254814384556,39.4
A839,26.580031407237538,26.8
A840,24.17662921224356,29.6
A841,25.286996674920783,30.4
A842,23.3600282705344,26.1
A843,24.25512181196879,29.9
A844,22.443209015722974,31.2
A845,29.44396364927192,40.8
A846,21.253514801186107,29.5
A848,25.24923884718478,32.6
A849,21.03703900371046,26.7
A850,21.1462630122128,35.4
A851,30.864751040285032,27.8
A852,25.878374700913938,28.3
A853,20.84081076970198,42.8
A854,23.794306594317007,25.6
A855,25.614072855829825,33.0
A856,22.753034906716714,38.8
A857,25.27111644790947,23.9
A858,33.31397764505672,31.5
A859,24.782130203756168,31.9
A860,20.37324432235899,24.8
A861,26.31436029278429,26.2
A862,31.85723461571017,23.1
A863,23.19516609794122,29.6
A864,22.655890469272936,30.2
A865,21.458444230646315,24.8
A866,25.74221507389428,44.9
A867,19.194801191097245,28.6
A868,28.63774860450532,25.6
A869,20.613630552190408,23.2
A870,29.799298491539393,24.2
A871,24.98311143893723,25.2
A872,21.735844976173148,24.7
A873,22.65816181896927,35.2
A874,23.441043445385777,32.7
A875,26.694706017072498,21.7
A876,23.34959460919268,33.4
A878,29.99631614015714,29.3
A879,24.908097950762393,34.1
A880,22.776605531379612,34.1
A881,24.80842588361576,29.6
A882,23.089612453436164,35.2
A883,33.21296836381288,21.8
A884,25.086289962800404,22.5
A886,31.13775969206266,29.8
A889,22.091853296121762,25.1
A893,27.29928129117288,32.2
A894,29.40175621410017,24.5
A895,25.634165255133624,30.1
A897,28.497910499748276,29.9
A898,25.87590007096143,34.2
A901,16.84351732005866,23.6
A902,21.126627921326374,24.3
A905,20.842661422244852,22.5
A907,15.638432891513887,21.9
A908,16.142765643522356,24.7
A909,19.31937646156888,21.9
A912,19.185623591303354,23.4
A915,18.427385625343724,24.5
A923,17.810857638464018,31.0
A931,18.677235418608777,22.1
A932,21.271030982257983,21.8
A933,20.657877667345442,18.5
A934,18.485983526621098,23.9
A935,17.484344390824894,21.0
A941,14.769135026978294,17.3
A944,17.889317728335584,18.1
B803,21.541351578496112,21.9
B804,25.059045580984296,35.3
B806,28.385660110179167,22.3
B807,22.92544353282665,30.0
B808,13.113771289894334,12.1
B809,12.297019338854392,16.0
B810,10.869980462836102,13.8
B811,13.78783938135486,15.7
B812,12.268570657587592,10.8
B819,13.388179809686308,16.4
B820,18.06062562249091,14.0
F501,17.919666411510846,29.0
