codigo_estacao,latitude,longitude,n_dias,inmet_p95,inmet_p99,inmet_max,era5_p95,era5_p99,era5_max
A001,-15.7894,-47.9258,9186,12.2,15.015039,26.4,12.378275,13.697415,17.1172
A002,-16.6428,-49.2203,8729,12.5,15.5,23.2,11.45726,12.843348,16.4647
A003,-17.745,-49.1017,7710,13.9,17.4,25.0,11.822404,13.597805,17.9727
A004,-14.4694,-48.4858,5431,13.8,16.9,23.9,11.34355,12.627211,16.3916
A005,-13.3094,-49.1175,3622,12.7,16.379004,23.5,10.907885,12.160597,13.8747
A006,-14.5333,-49.9667,685,12.879998,15.016004,17.4,11.654059,13.143623,17.7097
A007,-15.4333,-50.3667,583,13.7,17.753998,23.5,11.060147,12.383947,13.271
A008,-15.9075,-48.12,3348,15.3,18.55901,24.2,12.206529,13.559534,16.2774
A009,-10.1478,-48.3144,7314,16.0,18.6,23.4,12.058355,13.197447,16.0513
A010,-12.615,-47.8719,7082,12.7,15.9,24.7,11.781349,13.050113,15.1344
A011,-18.9692,-50.6333,5984,15.28501,19.516993,24.9,11.416821,13.03854,16.945
A012,-16.2606,-47.9669,6754,13.8,16.9,24.5,11.93507,13.328314,17.7758
A013,-15.9028,-52.2453,5808,12.9,16.4,24.4,10.092455,11.356311,14.7484
A014,-15.9397,-50.1414,6459,14.0,16.983984,24.0,11.446831,12.850368,15.161
A015,-14.9797,-49.5394,5597,13.8,17.4,24.6,10.720139,12.13922,14.0323
A016,-17.9236,-51.7175,6620,15.0,18.681007,24.5,11.245714,13.331139,20.4695
A017,-14.0892,-46.3664,6522,14.0,16.3,23.5,13.477329,14.956806,18.4462
A018,-12.0153,-48.5444,5527,13.3,17.1,24.8,12.02994,13.489918,14.839
A019,-11.745,-49.0517,6553,13.5,16.9,24.8,12.23414,13.568523,14.8822
A020,-8.9686,-48.1772,6244,12.6,15.6,23.7,11.0779505,12.224512,15.0034
A021,-7.1039,-48.2011,5847,12.0,14.354004,18.7,11.39318,12.585084,15.0708
A022,-15.2203,-48.99,6386,13.4,17.01499,24.6,11.746426,13.219569,14.9596
A023,-16.9669,-51.8175,6585,13.5,16.9,24.1,11.28426,12.804464,17.8173
A024,-14.1331,-47.5233,5740,13.1,15.960986,24.2,13.149598,14.749268,18.3008
A025,-17.7853,-50.965,6042,14.0,17.5,25.5,11.184705,13.127197,19.1833
A026,-17.4547,-52.6011,5918,13.9,17.5,24.9,11.290475,13.04177,19.5702
A027,-16.9625,-50.4256,6222,12.9,16.1,24.2,10.84785,12.505086,17.7136
A028,-16.4231,-51.1489,3713,13.23999,16.8,24.1,10.57628,12.105475,15.612
A029,-17.3369,-49.9147,2945,14.1,18.3,41.4,10.68718,12.177256,15.0092
A031,-12.8206,-50.3358,2998,14.6,18.103003,29.1,12.069825,13.833163,15.3812
A032,-13.2536,-46.8903,6537,13.8,16.9,25.0,11.23842,12.526272,15.4365
A033,-17.3042,-48.2842,6452,12.6,15.8,23.5,11.943709,13.412027,18.7152
A034,-18.1547,-47.9275,6363,12.7,15.4,22.1,11.54421,13.063002,16.1162
A035,-18.4097,-49.1919,6412,14.4,18.5,24.9,12.404948,13.9288225,19.0186
A036,-16.785,-47.6131,5496,13.4,16.410059,25.0,12.321575,13.754148,17.1341
A037,-16.6797,-48.6181,5470,11.1,14.2,24.1,12.005694,13.458759,17.4613
A038,-11.5944,-46.8472,5637,14.9,17.7,24.5,13.5704,14.775297,16.7451
A039,-11.8875,-49.6083,6063,13.4,15.9,24.9,12.66069,14.110822,15.7303
A040,-10.4344,-45.9219,3905,15.080006,17.895996,24.2,13.726081,15.1704,17.0023
A041,-9.5764,-49.7233,4087,15.3,19.2,24.8,10.89367,12.157013,13.6644
A042,-15.5997,-48.1311,2998,13.8,16.603003,30.4,11.981179,13.358298,16.7153
A043,-8.1547,-46.6394,2116,12.9,15.085011,19.5,12.267675,13.38026,15.2727
A044,-5.6436,-48.1119,4622,11.9,14.5,24.4,11.222284,12.292367,15.091
A045,-15.5964,-47.6258,6167,12.4,14.9,21.8,12.384009,13.71608,16.6978
A046,-15.9353,-48.1375,4010,14.9,18.091017,26.6,11.7433,13.062144,16.0121
A047,-16.0122,-47.5575,3126,12.775,15.1,23.3,11.64355,13.129325,16.9555
A048,-7.1242,-48.7813,2274,14.134986,18.654003,37.3,10.731575,11.909435,14.0827
A049,-8.0928,-48.4786,3182,13.1,17.194971,39.4,11.211055,12.202757,14.7262
A050,-9.7934,-47.1327,2984,13.784986,16.7,29.9,12.89239,14.3876,17.0201
A051,-10.4769,-49.6294,2708,12.6,15.7,21.5,11.195839,12.590298,14.2337
A052,-11.4289,-48.185,2764,14.0,17.637012,23.4,11.304064,12.397032,15.4132
A053,-11.2842,-47.2122,3210,12.7,15.490992,25.0,11.536415,12.693267,15.0439
A054,-12.5922,-49.5286,3192,13.944995,18.009008,23.9,12.425594,13.787292,15.4778
A055,-10.8283,-49.8479,3018,11.9,15.183008,29.1,11.50661,12.9214,14.4593
A056,-16.3994,-47.6258,2804,14.3,17.6,42.7,11.889949,13.238498,18.0306
A101,-3.1033,-60.0164,7789,11.6,14.4,41.1,10.3985195,11.430421,13.8494
A102,-9.3583,-69.9264,3863,11.2,14.138013,22.7,10.4855795,11.912528,16.0164
A104,-9.9592,-67.869,4223,13.1,16.178028,24.0,10.5607395,12.225365,14.1563
A108,-7.6106,-72.6811,2274,11.0,13.554004,19.7,9.801103,11.61733,14.0823
A109,-6.6503,-69.8686,1904,12.3,15.093994,22.4,8.7338705,10.064982,12.3805
A110,-8.7767,-67.3325,5080,12.5,15.3,23.4,9.57125,11.118137,13.8931
A111,-7.2606,-64.7886,5600,11.3,14.1,20.1,8.91811,10.347558,12.9962
A112,-7.5525,-63.0714,4300,13.4,16.901026,24.5,8.668655,9.936687,12.6995
A113,-7.2056,-59.8886,4182,12.4,15.7,23.7,9.5898,10.704688,12.3815
A117,-4.0975,-63.1453,4595,14.1,17.0,21.7,9.19197,10.149909,11.938
A119,-3.2947,-60.6283,5897,13.4,16.4,23.5,9.782257,10.731632,13.0354
A121,-3.1333,-58.4828,5936,10.9,13.2,21.9,9.909676,10.941138,13.1358
A122,-3.3989,-57.6739,4634,10.8,13.566993,19.5,10.016735,11.044929,13.1925
A123,-2.6392,-56.7561,3597,12.0,14.304004,20.7,9.85158,10.900892,12.5707
A124,-2.5347,-57.7581,5232,11.0,13.5689945,17.4,9.963938,11.011999,13.4822
A125,-2.6336,-59.6006,5763,12.0,14.7,24.6,10.53728,11.664753,13.9773
A126,-2.0567,-60.0258,4949,11.4,13.9,25.0,10.710361,11.6784725,13.895
A128,-0.9872,-62.9242,4620,12.3,15.381005,21.0,11.049499,12.316277,14.9618
A133,-5.7886,-61.2883,1849,12.159998,15.552002,25.0,9.49006,10.729492,12.4715
A134,-0.1253,-67.0611,2458,10.9,13.8,19.4,9.017448,10.282935,13.9013
A135,2.8169,-60.6908,4698,12.0,14.303027,24.5,12.18036,13.252981,15.3766
A136,-8.2672,-72.7478,3343,12.4,15.4,20.0,10.075319,11.907668,14.1389
A137,-8.95,-72.7867,1199,14.209997,21.312012,25.0,10.62782,12.378582,14.3446
A138,-8.1428,-70.3436,4519,12.5,15.881982,24.1,9.778781,11.127846,13.9341
A140,-11.0239,-68.7353,4476,10.7,13.225,22.0,11.9395,13.76235,16.574
A144,-8.0911,-60.3806,1087,8.9,11.114002,23.7,9.5926895,11.255966,13.552
A201,-1.4112,-48.4395,7830,11.0,13.3709955,20.2,10.458244,11.453366,13.5966
A202,-1.3008,-47.9481,7849,13.5,16.1,21.2,11.918341,13.114092,16.059
A203,-2.5267,-44.2136,7548,12.0,13.4,18.4,11.319155,12.347276,14.4643
A204,-7.4556,-46.0275,4992,13.2,15.608985,24.3,11.66934,12.6649885,15.0233
A205,-7.3372,-47.4597,5794,13.0,15.906982,21.9,11.36829,12.465668,14.398
A206,-3.7428,-43.3522,5294,12.0,14.506983,24.7,11.871631,12.902868,14.8683
A207,-5.8161,-46.1622,2834,11.3,14.066993,23.3,11.595643,12.62743,14.1824
A209,-3.5108,-52.9633,4231,9.9,13.170019,18.5,11.459351,12.586236,14.9158
A210,-3.8436,-50.6381,3400,12.605005,16.001001,21.7,11.04016,12.379449,14.0867
A211,-3.8642,-54.2164,5030,11.7,14.6,24.3,11.2931795,12.549429,14.1087
A212,-2.9006,-47.495,5193,13.8,16.608007,24.7,11.903339,13.1342125,16.0905
A213,-2.5925,-48.3606,5491,12.9,15.7,19.6,11.79945,12.975711,14.9372
A214,-4.8275,-48.1736,5143,13.0,16.016016,22.3,11.769731,12.769089,14.4423
A215,-0.6189,-47.3567,5397,13.0,14.5,18.9,12.428559,13.457856,15.0464
A216,-6.6397,-51.9569,2064,14.084998,17.336998,36.4,10.173085,11.426421,13.8281
A217,-2.2708,-43.6242,3109,13.6,15.1,24.3,13.208379,14.217045,16.5659
A218,-2.5922,-42.7075,2882,14.7,16.2,19.4,14.68759,15.766405,17.21
A219,-1.6611,-45.3725,5043,13.6,15.5,19.3,13.13209,14.413301,16.7941
A220,-4.2431,-44.795,5244,12.5,15.1,22.6,11.272812,12.381501,14.6663
A221,-5.5067,-45.2369,5513,12.1,14.6,24.2,11.2901,12.413039,14.4526
A222,-6.0331,-44.2333,5513,12.6,15.5,24.3,12.52402,13.793079,16.2937
A223,-9.1083,-45.9319,5745,12.3,14.956006,22.5,11.979999,13.364117,16.6612
A224,-6.6533,-47.4183,5797,13.4,17.1,24.7,11.18512,12.303201,14.5442
A225,-5.5558,-47.4597,6170,16.2,22.4,24.9,11.23358,12.316068,14.994
A226,-1.0558,-46.7828,5924,14.1,22.1,25.0,13.934405,15.080002,17.4727
A227,-0.7278,-48.5158,4666,12.8,14.8,23.7,11.83605,12.70468,14.8494
A228,-1.6803,-50.4781,921,11.3,13.4,31.0,9.8551,10.940699,13.5482
A229,-3.8228,-49.675,5007,12.5,15.5,23.1,10.124808,11.415553,13.7217
A230,-6.0775,-50.1422,3932,14.0,17.368994,24.7,11.582555,12.66212,15.3771
A231,-4.2769,-55.9931,3960,12.4050045,15.4,22.9,10.81611,12.023796,15.7436
A232,-1.8808,-55.5197,652,12.345001,17.093994,24.4,10.359575,11.309331,12.0388
A233,-9.3406,-50.3503,4719,14.8,18.381983,24.7,10.20551,11.378537,13.7065
A234,-6.7433,-51.1419,2177,12.4,15.823999,23.9,10.24988,11.545152,13.5433
A235,-4.2439,-49.9394,4321,12.6,16.059961,24.1,10.537,11.727218,14.0805
A236,-2.2397,-49.4997,3758,12.914989,15.7,20.4,10.91594,11.96128,13.9021
A237,-4.8214,-43.3436,5307,11.8,14.6,24.2,11.85781,13.071538,15.2996
A238,-4.3206,-46.4494,4027,13.8,16.8,22.9,11.65798,12.902522,15.7499
A239,-2.0,-54.0764,3539,13.3,16.3,23.9,10.87762,12.00489,14.118
A240,-5.3664,-49.0511,4118,10.8,13.2,23.4,10.787275,11.932669,13.5978
A241,-8.3036,-49.2828,5873,12.4,15.6,24.6,10.9712,12.06813,14.1618
A242,3.8136,-51.8625,4056,9.9,11.544995,19.0,11.704925,12.65421,14.9099
A243,1.4967,-50.9167,3067,13.4,15.934009,24.7,11.674109,12.657351,14.8533
A244,0.6942,-51.4039,4272,12.1,14.658009,24.9,11.508565,12.493059,14.3197
A245,-1.8219,-52.1117,985,11.4,13.5,17.8,11.05334,12.137125,13.5787
A246,-6.32,-55.7878,2787,10.969995,13.3140135,22.3,10.455569,11.65724,14.2755
A247,-7.1106,-49.9261,1311,13.1,16.29,48.4,10.45815,11.25251,13.1403
A248,-1.7347,-47.0575,4024,13.4,15.677002,21.8,12.271685,13.48331,16.3973
A249,0.035,-51.0889,3604,12.5,14.2,24.5,11.703343,12.798185,15.3339
A250,-2.5025,-54.7203,2815,10.3,12.4,24.4,9.9401,11.150716,12.2568
A251,0.5678,-50.8236,702,14.095001,16.1,39.7,12.264775,13.254498,14.9169
A252,-4.2806,-47.5639,2771,12.35,14.86001,41.1,11.780951,12.803732,14.7458
A253,-3.27,-52.3947,1711,9.55,12.490003,39.0,11.27315,12.14972,15.6498
A254,-8.0433,-50.0069,2276,12.725,16.1,23.8,10.338275,11.38,13.4371
A255,-3.2692,-45.6511,984,13.2,15.416998,39.6,12.093859,13.2996235,14.3071
A256,-8.7297,-49.8564,1477,15.0,20.291992,43.1,10.327099,11.568864,13.1816
A301,-8.0592,-34.9592,4700,10.4,11.5,22.5,13.081289,14.293859,16.7926
A302,0.9169,-29.3458,579,15.229993,19.532019,24.5,12.3619995,13.163903,14.0637
A303,-9.5511,-35.7703,7255,11.9,13.1,24.9,11.78185,12.667957,14.2217
A304,-5.8372,-35.2081,6627,14.7,16.0,23.6,14.327479,15.553223,16.7823
A305,-3.8158,-38.5378,6895,13.2,14.2,23.6,14.260921,15.205099,16.8713
A306,-3.7481,-40.3458,6670,13.6,16.231007,24.2,13.09567,14.060882,16.0783
A307,-9.3883,-40.5233,7313,13.5,15.4,26.3,14.739239,16.100855,18.4007
A308,-3.0867,-41.7831,7102,14.3,16.0,24.0,14.26982,15.240471,17.5076
A309,-8.4336,-37.0556,7028,13.9,15.5,24.7,13.39472,14.5686455,17.0251
A310,-6.9756,-35.7181,6519,13.8,15.1,18.7,13.46574,14.5900955,15.9594
A311,-6.7614,-43.0033,6060,12.3,14.9,22.9,13.263129,14.738722,17.0717
A312,-5.0347,-42.8014,6262,12.39497,15.4,22.8,12.029465,13.191248,15.6309
A313,-7.2256,-35.9047,6388,12.8,14.0,20.2,13.79188,14.892546,17.2202
A314,-4.2292,-38.9589,4904,14.5,15.8,19.4,14.488875,15.745082,18.2269
A315,-7.3008,-39.2711,5307,11.8,14.1,23.4,13.89394,15.339911,17.2522
A316,-6.4675,-37.085,6609,13.8,15.8,24.8,14.048039,15.069032,16.6458
A317,-5.1511,-36.5731,5955,15.3,16.7,24.7,14.179349,15.12966,16.5127
A318,-4.9042,-37.3669,5434,13.5,14.8,22.2,13.59234,14.241616,15.3446
A319,-6.3964,-39.2689,5988,13.6,16.6,24.5,13.315004,14.811472,17.8139
A320,-7.1653,-34.8156,5613,12.1,13.6,23.8,13.35966,14.521978,16.6116
A321,-7.0797,-37.2728,5984,14.4,17.1,24.2,14.28762,15.463357,17.7849
A322,-8.9108,-36.4933,6204,12.1,13.8,19.5,12.91036,13.959124,15.5157
A323,-9.7492,-37.4308,5671,12.7,14.4,23.7,12.59165,13.549141,15.4892
A324,-6.0175,-40.2814,5046,13.9,16.4,23.5,13.8660755,15.323464,17.4154
A325,-5.1744,-39.2894,5674,14.6,16.5,23.7,12.636465,13.7468,15.8425
A326,-9.08,-44.3278,6204,14.2,17.6,24.9,12.2894,13.604845,15.9757
A327,-9.4203,-36.6203,6348,12.7,14.5,21.1,12.10406,13.008581,14.8253
A328,-7.8425,-35.7903,5942,13.5,15.1,18.2,13.239395,14.327459,16.1049
A329,-8.5039,-39.3153,6343,14.6,16.5,23.6,13.8754,14.999123,16.9707
A330,-8.1322,-41.1431,6490,14.8,16.5,38.1,16.267275,17.556498,20.5863
A331,-8.3644,-42.2525,5539,13.1,15.7,27.6,14.2273,15.456581,17.6498
A332,-5.0911,-38.3647,6106,13.5,16.2,24.7,12.955525,13.971019,16.2191
A333,-6.8358,-38.3117,6202,12.6,15.2,22.6,12.687605,13.808949,16.0031
A334,-7.8944,-37.1247,5974,13.6,15.727002,22.3,13.0012455,14.127921,16.0726
A335,-4.2761,-41.7944,5781,14.1,17.22002,23.3,12.8814,14.168422,15.3135
A336,-8.3764,-43.8594,5198,13.7,16.703028,23.9,13.250759,14.4547205,16.0501
A337,-9.2858,-43.3244,5859,13.9,16.4,24.6,13.561871,14.659164,16.0912
A338,-3.8994,-42.2594,3783,12.3,15.6,24.8,12.045799,13.163094,14.7821
A339,-4.8378,-37.6997,5854,13.7,15.747022,23.2,13.72478,14.576275,16.1507
A340,-5.6267,-37.815,5589,14.1,16.7,23.7,13.42016,14.546045,16.4181
A341,-8.3653,-36.0283,5531,13.3,15.1,20.7,13.3922,14.70412,16.874
A342,-5.1867,-40.6722,5920,12.8,17.6,24.8,14.261099,15.535553,18.5078
A343,-7.0711,-41.4042,4864,13.3,15.8,23.7,13.584535,14.8774395,17.9486
A344,-5.16,-35.4875,2901,17.7,19.1,22.9,15.3161,16.3272,18.1225
A345,-9.0331,-42.7011,5880,12.9,15.2,20.9,13.516065,14.712667,16.3155
A346,-7.4414,-44.345,5876,10.3,12.1,18.8,13.9092,15.078625,17.2048
A347,-7.0778,-40.3628,4533,14.0,16.2,23.8,13.76612,15.351869,20.0726
A348,-7.4833,-36.2864,5670,13.2,15.5,23.9,13.651764,14.694615,16.4537
A349,-8.5094,-37.7117,5914,14.1,16.1,24.1,13.33835,14.560232,17.4202
A350,-7.9542,-38.295,5434,13.7,16.1,23.9,13.534645,14.781995,17.0876
A351,-8.5989,-38.5842,5489,13.8,16.412012,23.4,13.227099,14.349873,16.4421
A352,-6.5619,-35.1353,5319,13.2,14.5,20.1,14.260571,15.5093155,16.9395
A353,-9.8044,-36.6192,4772,12.5,14.0,20.4,12.05958,12.925614,14.2031
A354,-6.9742,-42.1469,5422,13.7,15.8,23.0,14.04861,15.477984,19.0619
A355,-10.1286,-36.2864,5593,12.0,13.1,21.7,12.29028,13.266668,15.4522
A356,-9.2875,-35.5658,5484,11.3,12.5,16.7,11.1994095,12.112039,15.2409
A357,-8.6667,-35.5681,5411,12.0,13.68999,24.2,11.1972,12.135499,13.5857
A358,-5.9056,-38.6278,5188,14.0,17.61299,24.1,12.206815,13.321444,15.3951
A359,-3.4842,-39.5886,4250,15.3,17.0,24.7,14.654455,15.692659,17.3203
A360,-3.1211,-40.0872,4455,13.9,15.0,19.0,15.24042,15.989752,17.4074
A361,-5.3492,-41.5122,4142,12.8,14.958984,21.0,14.19055,15.19649,17.056
A362,-5.9111,-42.7186,3641,11.9,15.4,24.6,12.1007,13.373441,15.8464
A363,-6.4236,-41.7489,5397,12.8,15.7,24.3,13.419139,14.944552,18.3754
A364,-9.8753,-45.3458,4839,13.7,16.4,23.9,13.12275,14.668503,16.8952
A365,-8.1181,-42.9758,5231,13.75,15.6,22.4,14.30665,15.633632,17.9828
A366,-7.8858,-40.1028,4915,13.4,15.6,22.6,13.437158,14.555901,16.7381
A367,-6.2281,-36.0267,4138,12.6,14.063013,18.6,14.23302,15.3097315,17.0473
A368,-3.7322,-41.0119,1623,15.5,17.078003,20.5,14.667089,15.55263,16.4408
A369,-4.9789,-39.0572,820,12.2,14.462,18.5,12.581855,13.39798,15.2404
A370,-8.0581,-39.0961,2882,13.1,16.437988,27.1,13.45016,14.562935,15.8074
A371,-9.6222,-37.7672,2813,14.9,16.788012,28.9,12.745179,13.62338,15.2342
A372,-5.535,-36.8722,2731,13.55,16.0,41.6,13.688601,14.546599,15.9078
A373,-7.3183,-38.1408,1362,12.994995,15.8,21.2,12.558933,13.661521,15.618
A374,-10.4292,-45.1731,2406,12.0,14.6,28.1,11.9828,13.463044,15.9758
A375,-8.3335,-45.0946,2675,13.5,15.326001,30.3,12.50906,13.613364,15.9963
A376,-4.8642,-42.1456,1639,13.3,16.562,22.3,12.4662,13.444698,14.9506
A377,-6.0894,-42.7275,725,11.3,14.904004,47.3,11.726819,13.393669,15.0337
A401,-13.0056,-38.5058,8257,11.5,14.0,46.8,12.173554,14.907399,19.2604
A402,-12.1247,-45.0269,6883,12.9,15.9,23.7,10.71266,12.285618,14.9404
A403,-12.7626,-38.1691,2555,17.2,19.6,25.0,12.840161,14.089246,16.3709
A404,-12.1525,-45.8297,7836,14.1,17.164991,24.4,12.090025,13.576928,15.8146
A405,-17.7394,-39.2586,6673,14.0,16.1,21.7,13.32434,15.146848,18.7573
A406,-12.6756,-39.0894,7565,12.3,13.9359865,18.5,11.49928,12.603332,15.3739
A407,-13.5278,-40.1197,7110,11.4,13.191015,20.2,11.73285,13.000073,15.4972
A408,-12.5242,-40.2997,8099,13.0,15.1,23.8,11.44975,12.517622,14.0525
A409,-10.9525,-37.0544,6733,12.1,13.6,42.0,11.415839,12.649879,15.1804
A410,-14.6589,-39.1814,5170,11.6,13.4,29.5,10.483955,11.791223,14.9051
A411,-9.3781,-38.2267,4500,14.6,16.0,21.4,13.218249,14.245453,15.8003
A412,-12.1317,-40.3542,6285,14.2,16.3,24.4,11.49492,12.448878,14.8104
A413,-12.1961,-38.9675,5850,12.0,13.6,24.6,12.38966,13.576253,16.1026
A414,-14.8864,-40.8014,5983,11.88999,13.4,23.7,12.23057,13.52875,19.819
A415,-11.0033,-44.5364,5590,12.1,15.010986,21.7,11.57704,12.84096,14.7559
A416,-13.3325,-44.6175,5902,12.1,19.79121,25.0,11.63422,13.188162,16.0279
A417,-11.2725,-37.795,6251,12.2,13.55,24.5,12.03355,12.88305,14.5919
A418,-13.2511,-43.4053,5505,12.279981,15.1,20.7,10.712919,11.929356,14.1582
A419,-10.7381,-38.1083,4116,14.1,15.8,22.1,12.804174,13.7261505,15.1948
A420,-10.3997,-37.7475,4461,13.8,16.0,24.7,12.6309,13.549958,15.1045
A421,-10.4739,-36.4819,4800,11.4,12.7,18.7,13.3573885,14.325146,15.5125
A422,-17.9631,-38.7033,3260,17.4,21.640991,24.7,14.309516,16.524778,19.6732
A423,-9.6256,-42.0772,6076,13.4,15.4,24.7,12.003825,12.938299,14.4471
A424,-11.3289,-41.8644,6387,13.8,15.7,22.3,14.714687,15.964101,17.9404
A425,-12.5578,-41.3889,5639,10.7,13.8,22.8,12.326481,13.586237,15.9254
A426,-14.2081,-42.7497,5936,16.5,18.7,23.5,14.7494755,15.976029,18.4873
A427,-16.3889,-39.1825,5028,10.4,11.772998,23.8,11.770825,13.352882,16.3027
A428,-10.4431,-40.1483,5569,13.2,15.1,23.8,13.28052,14.463804,15.7415
A429,-11.0847,-43.1389,6008,12.5,15.0,26.6,12.21468,13.176703,15.0087
A430,-13.1556,-41.7742,6033,14.9,17.4,21.5,13.1843405,14.66256,17.4117
A431,-12.0358,-37.6839,5116,13.0,14.8,19.2,11.861376,12.990161,14.8222
A432,-10.7231,-43.6511,4886,13.5,16.21499,24.9,12.8549,13.977255,15.5256
A433,-14.1819,-41.6722,6362,12.3,15.7,24.8,12.037775,13.087194,16.4136
A434,-13.0094,-39.6169,6087,12.5,14.414013,21.7,12.53154,14.084503,17.8765
A435,-9.8336,-39.4956,4543,14.5,16.4,24.6,14.114551,15.598983,18.3519
A436,-10.9847,-39.6169,5610,14.5,16.1,24.4,12.423224,13.513542,15.6366
A437,-15.2803,-39.0914,5788,10.5,11.8,17.0,11.583295,13.026529,16.1766
A438,-13.9069,-38.9722,5013,11.6,13.4,24.9,11.124479,12.741723,17.2069
A439,-12.1931,-43.2133,6189,14.6,17.512012,24.5,11.12678,12.271868,14.444
A440,-11.205,-40.465,4809,11.9,14.4,23.9,12.81768,14.137803,16.2179
A441,-11.6647,-39.0231,5245,12.5,14.456006,22.3,12.484859,13.710114,16.908
A442,-10.5372,-38.9967,5504,13.0,15.1970215,25.0,12.824755,14.004179,15.8605
A443,-10.455,-41.2069,5408,13.4,15.6,24.3,15.093105,16.240828,19.1293
A444,-13.3436,-39.1267,5000,10.1,11.9,20.2,10.934974,12.324853,15.5523
A445,-14.1714,-39.6925,4124,11.1,13.0,24.5,10.61947,11.797239,15.0228
A446,-15.2447,-40.2294,5273,12.5,14.8,25.9,10.481259,11.787471,13.5243
A447,-16.0881,-39.2153,5071,10.8,12.92998,22.8,11.3789,12.642269,15.7879
A448,-9.0014,-39.9125,3650,13.4,15.4,20.6,13.619375,14.816379,17.3578
A449,-10.0183,-42.5003,1344,12.9,14.7,19.3,12.48247,13.766088,15.9225
A450,-10.0808,-38.3458,3094,12.7,14.5,21.5,12.5328665,13.669708,15.9736
A451,-10.6717,-37.4714,1077,12.7,13.6,21.6,12.35406,13.278308,14.9342
A452,-11.0522,-45.2008,2716,11.4,13.28501,20.2,11.965675,13.452737,15.3093
A453,-10.2078,-37.4319,1317,12.7,14.0,16.3,12.085939,12.752927,13.7946
A454,-13.0389,-42.6172,964,13.0,16.5,21.3,11.06043,12.169888,13.9478
A455,-17.0069,-39.5581,2000,11.5,13.5,23.8,11.890689,13.182458,14.9097
A456,-12.8083,-38.4958,1731,10.6,12.270007,17.6,10.7729,12.6994295,14.7287
A458,-11.0586,-38.4442,2433,13.4,16.067993,40.1,12.27992,13.221466,15.6577
A501,-19.95,-44.0833,1932,11.7,14.269007,21.6,11.60583,13.104827,15.737
A502,-21.2283,-43.7678,6122,13.4,17.179005,24.9,12.085548,14.815582,19.8811
A503,-20.7417,-42.0175,1368,20.3,24.3,25.0,11.030161,12.924516,18.278
A504,-21.45,-45.95,365,12.859997,16.620031,20.5,10.93236,13.327074,16.5561
A505,-19.6058,-46.9497,8061,13.6,16.9,25.0,11.7712,13.31996,16.8743
A506,-16.6864,-43.8439,7966,12.6,15.5,24.6,11.823575,13.275452,17.4011
A507,-18.9169,-48.2556,7744,12.7,15.5,23.0,12.514775,13.97803,17.9908
A508,-16.1667,-40.6878,7861,12.3,15.0,23.8,10.6738,11.801779,17.8285
A509,-22.8617,-46.0433,6759,13.1,16.241993,23.8,13.09381,16.705587,24.352
A510,-20.7625,-42.8639,7235,10.6,13.7,22.9,12.135399,13.908544,18.5313
A511,-19.5739,-42.6225,6529,9.4,11.9,18.4,10.0178795,11.201126,16.9746
A512,-18.9528,-49.525,6540,14.6,17.960987,33.9,12.51931,14.00914,18.8176
A513,-20.5567,-43.7561,6836,13.4,17.52998,24.6,11.6426,13.974052,19.5081
A514,-21.1064,-44.2508,6917,16.3,21.183985,35.3,11.816959,13.933652,19.0216
A515,-21.5664,-45.4042,6890,13.1,16.5,23.6,11.153614,13.317123,19.0048
A516,-20.7453,-46.6339,6254,13.9,18.447021,25.0,11.86089,13.725462,18.073
A517,-21.105,-42.3758,6839,14.0,17.8,25.0,10.843633,13.292121,17.2727
A518,-21.77,-43.3644,6674,15.23501,19.7,27.6,11.5857,13.848516,18.8656
A519,-19.5392,-49.5181,6980,14.20498,17.8,24.8,12.153123,13.672581,20.4915
A520,-19.9858,-48.1517,6882,15.8,20.1,25.4,11.163579,12.639936,17.2725
A521,-19.8839,-43.9694,6925,12.6,16.176025,25.0,11.558418,13.126184,19.406
A522,-17.7989,-40.25,5973,13.0,15.2,22.8,11.4946,12.747219,17.1306
A523,-18.9967,-46.9858,6660,12.7,15.9,22.2,11.715299,13.253076,18.1134
A524,-20.455,-45.4539,6846,13.1,16.5,24.2,10.96635,12.561678,17.7812
A525,-19.8753,-47.4342,6905,14.3,17.4,24.0,12.09478,13.544514,16.6212
A526,-14.4083,-44.4042,6313,12.6,15.3,24.7,11.77606,13.077537,15.48
A527,-17.8928,-41.5156,6602,12.0,16.0,24.2,10.817184,12.080127,14.9326
A528,-18.2008,-45.4597,6831,12.8,16.0,23.4,10.3538,11.9764,16.7967
A529,-22.3958,-44.9619,6403,15.9,19.197998,24.8,11.72042,14.696678,21.2367
A530,-21.9181,-46.3831,6667,11.6,15.5,23.2,13.22205,15.848447,22.5615
A531,-22.3144,-45.3731,6749,10.2,13.0,22.4,12.56196,15.748576,24.0139
A532,-18.8303,-41.9769,6408,13.3,18.493017,28.7,9.6524,11.056395,15.2562
A533,-18.7869,-42.9431,6649,12.8,17.352001,24.8,10.258019,11.600072,17.6223
A534,-19.5328,-41.0908,4743,14.7,17.358007,24.9,11.0808,12.291389,16.5349
A535,-19.8853,-44.4169,6269,10.3,13.3,20.8,11.206,12.813564,20.3946
A536,-19.4819,-45.5939,6587,15.1,19.7,25.0,10.211489,11.868614,17.2732
A537,-18.2311,-43.6483,6675,13.5,16.226027,23.6,12.7907,14.385613,19.642
A538,-18.7478,-44.4539,6718,12.8,17.0,23.8,10.500059,12.079484,16.8621
A539,-15.0858,-44.0161,6424,11.4,14.3,23.4,10.79348,12.152653,14.3587
A540,-18.7806,-40.9864,6617,10.5,13.683984,24.1,10.9957,12.295187,16.718
A541,-17.7056,-42.3892,6211,12.3,16.0,24.0,11.2882,12.670537,18.6482
A542,-16.5542,-46.8819,6607,13.8,17.4,24.6,10.662809,12.28904,17.4301
A543,-14.9122,-42.8086,4787,13.7,16.414013,23.6,14.03451,15.398867,18.078
A544,-15.5242,-46.4356,5713,14.3,17.5,27.6,11.29088,12.812903,15.6347
A545,-17.2581,-44.8356,6604,12.1,14.897021,21.8,11.43934,12.880158,16.2174
A546,-17.5614,-47.1992,5902,13.2,16.599024,24.3,12.248838,13.811568,18.696
A547,-16.3628,-45.1239,6163,12.4,15.6,26.5,10.80313,12.339014,15.7831
A548,-15.3003,-45.6175,6216,13.8,16.9,24.4,11.877825,13.205157,16.6531
A549,-15.7517,-41.4578,6247,13.1,16.154005,25.0,11.594399,12.830662,19.4659
A550,-16.5756,-41.4856,6443,12.4,15.4,24.7,11.469231,12.692544,18.085
A551,-15.7231,-42.4358,6412,12.7,15.289014,23.7,12.440074,13.656606,19.3025
A552,-16.1603,-42.3103,6581,12.1,15.62002,22.7,11.149,12.281823,18.4327
A553,-17.7844,-46.1194,6464,13.4,17.1,24.9,11.0337105,12.586986,16.1117
A554,-19.7358,-42.1372,6476,11.825,15.424999,24.6,10.147699,11.413675,16.749
A555,-20.0314,-44.0111,6284,16.8,19.8,24.7,11.540266,13.15723,19.406
A556,-20.2633,-42.1828,5219,12.910009,17.0,24.9,11.161171,13.158434,17.3481
A557,-21.5467,-43.2611,4698,12.6,17.003027,24.8,11.601979,14.178666,17.2703
A559,-15.4481,-44.3664,2891,12.2,15.1,19.1,11.75475,13.116251,15.6552
A560,-19.2325,-44.9642,2026,13.0,16.3,21.7,10.949725,12.4185,15.5392
A561,-20.91,-47.1142,3221,13.3,18.140015,24.4,12.424,14.268961,17.2847
A562,-18.5206,-46.4406,2407,12.3,14.893993,26.3,11.16653,12.819174,15.028
A563,-15.8028,-43.2969,2878,15.1,17.0,21.6,12.104624,13.488542,16.6835
A564,-20.1733,-44.875,2279,13.3,17.421997,25.0,10.71568,12.231374,17.7136
A565,-20.0311,-46.0089,3192,13.4,17.8,35.4,10.140534,11.530355,14.8947
A566,-16.8489,-42.0353,3045,12.5,15.5,22.7,10.87098,12.161204,15.3096
A567,-21.6808,-45.9444,2475,14.7,19.326,46.0,11.38621,14.070498,17.7842
A568,-19.71,-47.9619,2523,14.1,18.1,24.7,12.21475,13.772237,16.4853
A569,-19.4553,-44.1733,2817,12.6,16.984009,23.8,11.02066,12.508675,15.838
A570,-20.715,-44.8644,2299,14.1,18.802002,38.1,11.642896,13.355048,18.8208
A571,-17.2444,-46.8817,2136,13.5,16.8,27.5,10.733749,11.955416,16.9268
A601,-22.7578,-43.6847,8780,13.6,17.7,29.5,11.80944,13.787519,17.6223
A602,-23.0503,-43.5956,7219,16.5,20.3,32.2,12.63364,15.657805,19.9334
A603,-22.5897,-43.2822,7362,11.4,14.539014,27.7,11.525199,14.056872,18.6953
A604,-21.5875,-41.9583,5818,10.9,14.683008,20.4,10.768659,12.275852,15.3339
A605,-22.9064,-43.1334,1405,13.0,16.391993,21.3,12.47178,14.706014,18.5194
A606,-22.9753,-42.0214,6682,19.1,22.1,33.9,16.111683,17.870792,23.7881
A607,-21.7147,-41.3439,6060,14.8,17.741016,36.3,13.925335,15.510658,19.7178
A608,-22.3761,-41.8119,6742,14.1,15.858984,32.9,13.5674,15.435421,20.3419
A609,-22.4514,-44.445,6715,14.7,20.385986,43.0,10.043659,12.817343,19.4408
A610,-22.4647,-43.2914,5359,21.3,25.9,43.0,11.371911,13.668787,18.6953
A611,-22.3581,-43.6956,6635,11.5,14.9,27.9,12.173088,14.111864,18.6375
A612,-20.2708,-40.3058,6744,12.1,13.756983,23.6,12.913396,14.9227495,19.1746
A613,-19.9883,-40.5794,6520,12.5,15.281006,21.9,12.493224,14.473462,18.2293
A614,-19.3569,-40.0686,6420,13.6,16.362011,39.5,12.63336,14.198872,17.7542
A615,-20.6364,-40.7419,6684,13.0,15.4,30.7,12.337655,14.000897,18.0137
A616,-18.6761,-39.8642,6675,12.2,13.8,21.7,13.64454,15.686706,18.986
A617,-20.7506,-41.4889,6592,11.3,14.7,25.0,10.989445,12.917145,17.5653
A618,-22.4486,-42.9869,6615,10.5,13.1,20.7,11.24658,13.721323,18.3451
A619,-23.2236,-44.7269,6642,11.0,15.9,23.8,11.4192,14.238594,20.7861
A620,-22.0417,-41.0517,5948,16.5,18.4,23.3,14.974643,17.00548,20.8985
A621,-22.8614,-43.4114,6689,13.4,17.312012,32.6,12.4722,14.64941,18.4471
A622,-21.1008,-41.0394,6027,17.2,19.4,27.2,12.689999,14.327096,16.4404
A623,-18.6953,-40.3906,5313,11.8,14.375977,24.9,11.60354,13.293263,16.9651
A624,-22.3347,-42.6769,4908,13.3,16.5,24.7,12.44639,15.236826,21.0424
A625,-22.0983,-43.2083,3223,10.4,13.1,21.2,11.02477,13.196099,17.0285
A626,-22.6536,-44.0409,2188,12.5,16.739038,24.3,11.64555,13.647397,16.7284
A627,-22.8675,-43.1019,2588,11.8,13.9,19.2,10.853433,12.93748,17.4032
A628,-22.9756,-44.3033,2853,10.4,13.6,30.8,10.9565,13.436876,18.628
A629,-21.9386,-42.6008,2465,9.7,12.836011,23.5,10.43636,12.74808,17.1957
A630,-21.9506,-42.0103,2366,9.4,11.3,18.7,12.799325,15.398196,20.1898
A631,-18.2914,-40.7364,2674,12.4,14.9,48.6,11.398789,12.806674,16.8295
A632,-19.4072,-40.5397,2989,11.1,13.812012,46.3,11.41474,12.972244,16.6369
A633,-20.3856,-41.19,2330,9.2,10.9,18.4,11.525465,13.3788595,17.682
A634,-20.4669,-40.4039,2978,14.21499,15.622998,20.3,13.356979,14.990936,17.2256
A635,-22.3739,-44.7031,1406,17.4,22.990015,31.0,14.687349,19.49693,24.31
A636,-22.94,-43.4028,2964,11.6,15.237012,30.0,12.629344,15.9292555,19.8705
A637,-22.3472,-43.4178,1064,10.184998,13.374,19.3,12.230655,13.740221,17.5259
A652,-22.9883,-43.1906,6628,17.8,22.3,34.1,12.739705,15.115612,19.9633
A654,-22.987,-43.3701,2117,13.8,17.08401,27.2,12.864079,15.112179,18.6022
A657,-20.1042,-41.1069,4806,12.4,16.8,40.0,11.84575,14.237838,17.4075
A659,-22.6458,-42.4156,3689,11.3,13.4,23.6,12.335579,14.239231,20.061
A667,-22.8711,-42.6089,3653,13.23999,17.2,27.0,12.340139,14.2181,20.061
A701,-23.4963,-46.6201,6968,14.2,18.2,28.2,13.944879,17.182487,24.8011
A702,-20.4472,-54.7225,8027,15.8,19.6,28.4,13.341437,16.33872,23.7704
A703,-22.5525,-55.7164,6575,14.6,17.5,22.6,15.153388,18.37078,26.5583
A704,-20.795,-51.7133,6332,13.5,17.137989,25.1,11.370854,13.5955515,23.2133
A705,-22.3581,-49.0289,7737,12.7,16.564014,24.7,12.99838,15.0500145,23.4712
A706,-22.7503,-45.6039,3361,11.5,14.7,18.9,12.1651,15.8460245,22.45
A707,-22.12,-51.4086,7625,13.4,17.1,24.0,12.183319,14.291228,26.0316
A708,-20.5844,-47.3825,7334,12.9,15.6,23.3,12.28508,14.093153,17.3681
A709,-22.3006,-53.8228,7055,16.0,19.945995,36.1,12.60751,15.51519,22.2131
A710,-19.6956,-51.1817,5109,15.1,19.391993,31.3,11.655881,13.553434,20.3493
A711,-21.9803,-47.8839,6537,13.1,16.1,24.3,13.16892,15.650724,23.9524
A712,-24.6717,-47.5458,6180,13.1,16.120996,24.7,12.874397,15.444489,20.6101
A713,-23.4261,-47.5856,6391,14.7,19.01001,25.4,13.634,15.912414,25.117
A714,-23.9819,-48.8858,6827,14.8,18.9,24.7,13.74533,15.857244,23.5602
A715,-23.8908,-47.9992,6222,14.9,19.479004,24.7,14.129403,17.390984,25.906
A716,-23.0006,-49.8433,5765,14.1,19.571974,35.0,12.989618,15.206915,23.7953
A717,-18.9886,-56.6228,5327,15.2,18.9,24.4,13.436937,16.077131,20.207
A718,-22.3728,-50.9747,6613,14.73999,18.8,24.8,12.329981,14.075191,25.14
A719,-20.4756,-55.7839,5652,13.7,17.1,22.4,13.533429,16.325304,22.1188
A720,-18.5122,-54.7361,6727,13.6,17.0,24.3,11.751259,13.782932,21.5482
A721,-22.1939,-54.9114,5858,15.2,19.0,29.5,13.7286,17.110624,25.3835
A722,-20.3956,-56.4317,5682,12.8,16.1,24.2,13.368866,16.408813,22.1569
A723,-21.7058,-57.8867,5764,14.8,17.8,24.1,15.929825,18.804436,23.5295
A724,-18.9967,-57.6375,5791,15.6,19.1,40.3,14.0562,16.576069,20.9211
A725,-23.1017,-48.9411,6068,14.3,17.8,25.0,13.453284,15.589106,24.2212
A726,-22.7031,-47.6233,6202,15.0,19.799023,26.4,12.604679,14.66276,23.3784
A727,-21.6661,-49.7347,6589,13.1,16.8,24.9,12.3023815,14.19703,21.9213
A728,-23.0417,-45.5208,6412,13.8,18.4,24.7,11.419495,14.390674,22.349
A729,-20.4033,-49.9661,5093,14.2,18.7,23.5,11.9377,13.630099,19.6956
A730,-18.8022,-52.6025,5821,15.0,18.8,24.6,11.7997,14.206597,21.8093
A731,-21.6092,-55.1775,4833,13.8,17.468018,23.9,14.069099,17.3433,24.9184
A732,-19.4203,-54.5531,6169,15.9,19.431982,25.0,12.81734,15.383574,21.9042
A733,-20.165,-50.595,6387,15.2,19.4,25.0,11.94254,13.6321745,21.2232
A734,-21.3192,-50.9303,6088,15.0,19.712988,28.6,11.78089,13.959902,23.515
A735,-21.0856,-49.9203,5316,15.3,19.4,24.6,11.758625,13.72547,21.7133
A736,-21.1331,-48.8406,6412,14.1,18.1,24.9,11.9801035,13.799292,21.2307
A737,-21.8556,-48.7997,6100,14.0,17.4,24.8,12.115278,14.0728035,22.5474
A738,-21.7806,-47.0753,6180,13.0,16.120996,24.7,12.111454,14.181878,18.4251
A739,-22.415,-46.8053,5304,12.1,15.5,24.7,11.946006,14.651828,22.0444
A740,-23.2283,-45.4169,5514,13.9,18.974024,27.8,11.874016,14.915979,21.0476
A741,-22.4711,-48.5575,5487,15.0,17.8,24.7,13.880019,15.930368,23.4028
A742,-19.1225,-51.7208,5469,13.9,18.131983,24.8,11.206921,13.063188,21.6394
A743,-21.775,-54.5281,5759,15.81001,19.5,30.8,13.336921,16.543505,21.7475
A744,-22.9492,-46.5261,2692,13.8,18.309008,42.3,13.611235,16.770126,25.1479
A745,-24.0478,-46.2633,1079,18.8,21.3,24.2,12.18982,14.326426,16.6656
A746,-24.9628,-48.4164,4901,10.4,13.1,20.4,12.7505,16.1998,25.6477
A747,-21.3383,-48.1139,6339,15.7,20.1,26.2,11.833961,13.9477825,22.2473
A748,-20.5592,-48.545,5111,11.45,14.3,23.0,11.2851,13.127691,18.4319
A749,-22.8572,-54.6056,5023,14.3,17.678028,23.4,13.62684,17.05779,22.04
A750,-23.0025,-55.3294,4940,15.2,19.5,24.4,13.864918,17.381401,21.5666
A751,-23.9669,-55.0242,5620,14.9,18.8,25.0,13.564715,16.530622,22.0948
A752,-23.4494,-54.1819,5579,15.71001,20.244043,24.9,12.88099,15.916499,20.7449
A753,-20.3597,-47.7753,5685,13.6,17.716017,25.0,11.52312,13.072322,17.4661
A754,-20.9817,-54.9719,5592,14.344971,17.708984,41.6,13.876504,17.097708,22.9628
A755,-23.5239,-46.8694,4203,13.18999,17.397997,29.2,14.152189,17.529266,25.4478
A756,-20.4444,-52.8758,5223,14.589991,18.5,24.8,11.99429,14.711699,24.6791
A757,-22.1017,-56.5408,2932,14.7,18.2,24.2,14.40309,17.84346,20.7543
A758,-21.4786,-56.1378,4872,13.3,16.4,23.9,14.428048,17.537886,22.1414
A759,-21.75,-52.4714,3872,15.8,20.358007,26.0,11.992544,14.550977,22.3519
A760,-18.4928,-53.1714,4609,15.9,20.391993,25.0,11.60838,13.504571,20.1443
A761,-17.6353,-54.7606,4206,16.0,19.9,24.7,11.5691,13.392328,21.4506
A762,-21.4578,-51.5522,2254,16.234985,21.1,41.3,12.263096,14.122039,19.1877
A763,-22.2353,-49.965,2450,12.3,15.351001,33.8,12.642707,14.83672,22.8392
A764,-20.9481,-48.4714,2510,13.2,16.690992,25.5,11.5196495,13.544038,19.3187
A765,-23.8447,-46.1433,2307,12.3,18.393993,27.2,13.6934395,17.394793,23.9613
A766,-24.5331,-47.8642,1619,11.6,14.8,38.4,11.48886,14.024943,18.4684
A767,-23.8108,-45.4025,971,15.65,20.289997,28.4,11.878099,14.096238,14.9618
A768,-21.9272,-50.4903,2643,14.4,18.316015,26.3,12.30527,14.326146,22.9828
A769,-22.6889,-45.0056,2400,13.6,19.0,27.9,10.690915,13.580127,18.4862
A770,-21.4611,-47.5794,2289,13.859985,16.8,22.8,11.766674,14.007351,17.056
A771,-23.7244,-46.6775,2636,12.3,15.265015,29.9,14.11495,17.886614,27.0269
A801,-30.0536,-51.1747,9011,13.4,17.0,33.2,14.2682495,17.554123,27.0826
A802,-32.0789,-52.1678,7444,16.6,20.4,31.7,16.18824,19.581501,28.0729
A803,-29.725,-53.7206,7809,15.2,20.1,26.3,13.920401,17.226904,24.916
A804,-30.7506,-55.4014,7054,15.7,20.2,32.3,14.463495,17.354193,26.5682
A805,-27.8544,-53.7911,7429,15.7,20.6,39.6,14.152242,17.416197,25.0203
A806,-27.6025,-48.62,7670,13.9,16.231007,34.5,13.821119,16.32575,23.3892
A807,-25.4486,-49.2306,7096,14.0,17.6,26.7,13.921875,17.103283,25.2115
A808,-29.3503,-49.7333,6446,16.0,19.2,31.2,13.452024,16.01467,23.8415
A809,-29.84,-57.0819,6195,16.2,20.3,28.4,14.548519,16.894466,24.8472
A810,-27.8906,-54.48,5983,14.5,19.818016,36.6,14.04159,16.824688,24.192
A811,-31.4033,-52.7008,6472,18.5,22.529003,37.1,15.197485,18.637579,27.3946
A814,-28.5325,-49.3153,5651,11.7,15.35,33.1,12.993851,15.42765,24.3837
A815,-28.2756,-49.9347,6278,15.6,19.4,30.1,16.590929,20.63782,28.4178
A816,-26.4064,-52.8503,5461,18.2,22.6,37.7,14.6964,18.70339,23.839
A817,-26.9136,-49.2681,6105,13.5,18.2,35.1,12.174739,15.39281,24.564
A818,-25.0108,-50.8539,6388,13.2,16.912989,24.9,12.87086,15.886195,22.8988
A819,-24.78,-50.0464,5734,14.0,18.066992,25.6,14.341366,17.641085,25.2398
A820,-24.5333,-54.0192,6790,16.7,22.010986,34.6,13.442094,15.9502325,21.3517
A821,-23.5053,-49.9464,6489,17.2,19.524023,29.0,12.9694605,15.045601,22.058
A822,-24.4339,-51.9539,3437,14.5,19.164015,29.2,12.4723,15.336901,20.8127
A823,-25.5678,-51.0781,6051,13.8,17.849998,34.2,13.26065,16.5091,26.2844
A824,-23.3903,-53.6358,4513,17.0,21.387987,32.0,12.724278,15.35699,22.8091
A825,-24.1839,-53.0489,3972,16.7,21.4,33.1,12.79547,15.527858,20.8996
A826,-29.7092,-55.5256,6632,14.5,18.0,26.2,14.7323265,17.49458,24.8113
A827,-31.3478,-54.0133,6497,16.9,21.2,40.0,14.72944,17.684702,24.6324
A828,-27.6578,-52.3058,5917,14.1,18.2,35.2,14.092477,17.693125,24.0463
A829,-28.7486,-50.0578,4305,20.9,24.8,44.4,17.156641,21.506866,28.7407
A830,-28.65,-56.0164,6226,15.6,20.325,32.0,14.250725,17.35045,22.5671
A831,-30.3686,-56.4372,6152,16.9,22.849022,33.6,14.806725,17.712152,26.078
A832,-30.3414,-54.3108,6312,14.9,18.7,30.5,14.370136,17.30998,25.1181
A833,-29.1916,-54.8857,5508,15.2,19.3,42.6,14.736869,18.023773,25.3102
A834,-30.0103,-50.1358,5067,17.9,21.6,36.8,16.455894,19.82321,30.4051
A835,-23.4053,-51.9328,6508,13.9,18.3,30.6,12.25509,14.90518,22.1867
A836,-32.5347,-53.3758,6547,16.1,20.9,34.7,14.540237,17.659288,26.8
A837,-28.8592,-52.5424,6344,19.1,23.856981,39.4,14.953286,18.671202,25.4459
A839,-28.2267,-52.4036,6861,16.6,21.1,33.0,14.8689,18.067898,26.1834
A840,-29.1644,-51.5342,6701,15.9,20.3,29.6,14.1755,17.7933,24.8883
A841,-27.1692,-51.5589,5788,17.2,22.212988,30.4,14.228239,17.235939,23.0099
A842,-23.4153,-50.5778,5147,16.2,19.254004,29.8,13.09474,14.968181,21.4976
A843,-25.6992,-53.0953,5863,16.5,22.3,40.3,12.81229,16.012596,22.4572
A844,-28.2224,-51.5128,6716,16.0,21.1,42.5,15.13335,18.635416,26.3241
A845,-28.1269,-49.4797,5276,29.1,33.925003,41.4,13.99825,18.133999,31.237
A846,-25.6019,-54.4831,5680,16.4,21.2,32.3,12.930484,15.772605,21.6772
A847,-25.4944,-48.3261,3429,14.3,18.771997,35.7,13.687419,16.382336,22.8466
A848,-26.2866,-53.6331,5579,16.4,20.022022,32.6,14.55299,18.24276,25.874
A849,-22.6394,-52.8903,5814,15.6,19.6,33.4,12.34842,14.73211,22.6889
A850,-22.6583,-52.1344,5384,17.58501,21.416992,35.4,12.13623,14.115386,23.0752
A851,-26.0814,-48.6417,6036,11.3,15.06499,27.8,12.136025,14.87866,25.0231
A852,-28.4172,-54.9625,6121,15.2,19.3,28.3,13.839,17.10893,24.4817
A853,-28.6033,-53.6736,6551,17.3,22.45,42.8,14.57505,18.284649,24.5953
A854,-27.3956,-53.4294,6401,14.2,18.4,31.4,13.5938,17.0162,25.906
A855,-25.7219,-53.7481,5737,16.5,22.0,35.2,12.754995,15.928639,22.3273
A856,-27.9203,-53.3181,6149,15.8,20.3,38.8,14.33902,17.7475,25.7107
A857,-26.7864,-53.5142,5552,16.9,21.449022,36.0,13.843754,17.582657,25.3363
A858,-26.9386,-52.3981,6074,17.1,21.127003,32.8,14.43914,18.44716,25.3976
A859,-26.8192,-50.9856,5923,14.3,18.0,31.9,14.27728,17.93953,25.7387
A860,-27.2886,-50.6042,6100,16.2,20.7,43.3,14.35985,17.68713,22.9688
A861,-26.9375,-50.1456,5804,13.2,18.1,30.8,13.836356,17.09544,24.9877
A862,-26.2486,-49.5742,6038,13.7,18.0,30.4,15.303365,18.841562,26.9313
A863,-27.4183,-49.6469,5938,13.0,17.6,31.1,12.500199,15.501193,25.1323
A864,-26.3936,-50.3633,5744,15.9,20.513966,33.6,13.219206,16.494122,24.1725
A865,-27.8022,-50.3356,3344,15.4,19.114014,24.8,14.355873,17.772741,22.3487
A866,-28.6044,-48.8133,4425,23.9,28.4,44.9,15.506698,18.67722,24.9771
A867,-28.9314,-49.4979,5768,15.2,19.233007,29.5,13.41938,15.903265,24.8642
A868,-26.9508,-48.7619,5282,12.0,16.4,33.9,12.096,14.600314,24.8735
A869,-23.3592,-52.9319,5694,14.8,18.9,27.8,12.256921,14.859284,21.0577
A870,-27.6786,-49.0419,2134,14.634997,18.2,24.2,14.213415,17.083643,28.7089
A871,-23.7733,-50.1806,5951,14.1,18.3,32.2,12.3202,14.45975,21.7246
A872,-24.2803,-50.2103,4276,14.6,19.0,28.1,12.738476,15.706724,21.9541
A873,-25.5089,-48.8086,6039,13.0,17.4,35.2,11.737981,14.901055,25.3872
A874,-25.8356,-50.3689,4968,11.0,13.8,32.7,13.705197,16.849833,27.5024
A875,-26.3986,-51.3536,6125,12.97998,16.8,23.7,14.786379,18.739565,24.8836
A876,-26.4172,-52.3486,5308,16.8,21.0,33.4,14.893085,18.385983,24.534
A878,-31.2483,-50.9064,4599,20.3,24.3,41.1,17.71181,21.338045,31.6657
A879,-29.3689,-50.8272,5778,15.8,19.9,48.8,15.10878,18.968706,25.5468
A880,-28.5136,-50.8828,6177,16.6,23.324022,44.8,15.143478,19.081072,25.2686
A881,-31.0025,-54.6181,4958,16.8,22.143019,34.9,14.801759,18.007742,24.9019
A882,-29.4492,-51.8233,4473,16.3,21.328026,35.2,13.3324,16.691494,23.4625
A883,-28.6533,-53.1119,4276,14.6,18.0,24.7,13.8985,18.048351,24.1029
A884,-29.6742,-51.0642,4222,12.6,16.8,25.0,13.687535,17.475101,24.6428
A886,-29.0894,-53.8267,3299,13.9,18.306005,35.5,14.84315,18.473892,25.0396
A889,-29.7022,-54.6944,3314,16.2,19.987011,25.1,13.933095,16.797049,22.5275
A893,-30.5431,-52.5247,2651,15.2,19.349998,32.2,14.998899,18.40215,27.2368
A894,-28.7047,-51.8708,3469,13.0,17.5,24.5,14.633875,18.36347,24.3656
A895,-27.0853,-52.6357,2423,17.2,21.6,30.1,13.473788,17.285706,22.6558
A897,-29.0492,-50.1497,3207,16.4,20.0,29.9,16.02919,19.918777,25.9892
A898,-27.3886,-51.2158,2419,15.6,19.682007,34.2,14.5511465,17.982151,21.9944
A901,-15.6069,-56.0608,7072,12.9,16.1,24.5,11.12935,12.758096,15.8211
A902,-14.65,-57.4317,6835,14.829981,18.9,25.0,11.04675,12.897046,16.1436
A903,-13.4539,-56.6772,6386,11.9,14.7,22.0,10.685425,12.810592,16.714
A904,-12.555,-55.7228,6028,13.2,16.4,22.7,10.0467,11.434432,14.6269
A905,-13.7858,-57.8386,5838,13.1,16.3,24.6,11.256214,13.673285,19.1372
A906,-9.9525,-54.8978,6353,12.7,16.4,24.8,9.92178,11.04818,13.8758
A907,-16.4625,-54.5803,7220,14.4,17.9,24.8,10.277734,11.865376,15.7523
A908,-14.0164,-52.2117,6051,14.7,18.3,24.8,9.99725,11.30155,14.6236
A909,-17.3394,-53.2244,4632,13.9,17.0,24.0,11.410006,12.825033,19.0317
A910,-9.5633,-57.3936,5291,12.0,15.2,22.2,10.1518,11.2763815,13.5518
A911,-13.3039,-58.7633,2640,15.805005,20.16101,40.0,10.831185,12.792594,16.4588
A912,-15.5589,-55.1794,6405,14.9,18.6,24.4,11.2441,12.786108,17.58
A913,-13.7081,-59.7625,5865,12.97998,15.9,23.2,11.415198,12.989685,17.5668
A914,-11.2803,-57.5267,4911,12.9,15.7,22.1,10.1789,11.4290695,14.1905
A915,-14.4214,-54.0361,4136,14.725,18.365015,24.5,10.73155,11.95273,15.2871
A916,-12.6031,-52.1625,5344,13.0,16.456982,24.3,10.737805,12.046904,15.3696
A917,-11.9822,-55.5661,5727,13.4,16.774023,24.2,10.195408,11.321367,15.1991
A918,-10.6394,-51.5714,3086,14.1,17.615015,23.8,10.4148,11.659041,13.0077
A919,-9.9064,-58.5722,5439,11.3,14.5,24.7,10.103991,11.372981,13.6564
A920,-11.375,-58.7747,5832,12.2,15.7,24.6,10.067189,11.430073,14.6403
A921,-11.6189,-50.7278,3977,14.2,17.423998,24.9,10.95712,12.506144,14.6024
A922,-15.0628,-59.8731,5161,13.4,16.9,23.9,12.1853,14.155116,17.7812
A923,-15.58,-54.3811,1823,16.0,20.078003,46.5,11.43185,12.68744,14.6622
A924,-10.0772,-56.1792,4260,12.5,16.041016,22.9,10.014615,11.332597,13.876
A925,-8.7936,-63.8458,3842,13.4,20.359009,25.0,9.07642,10.361915,14.429
A926,-9.9706,-55.8275,4995,14.1,17.206007,24.3,9.89958,11.118961,13.6389
A927,-12.5219,-58.2314,4624,14.1,17.6,22.7,10.206036,11.776201,15.3116
A928,-13.0386,-57.0922,5629,13.1,16.6,24.0,10.3872595,12.206265,15.4888
A929,-13.4111,-54.7522,4700,15.9,19.4,24.8,10.597508,11.827483,14.4481
A930,-13.1847,-53.2575,5456,12.7,16.0,22.2,10.26075,11.4820175,16.7748
A931,-14.925,-53.8844,5689,14.9,18.3,24.6,11.02326,12.414933,15.154
A932,-16.3417,-53.7661,5674,13.1,16.5,23.0,10.884895,12.250124,15.9262
A933,-17.175,-54.5017,4898,14.6,18.503027,24.5,11.679618,13.391754,18.4174
A934,-17.8411,-53.2894,5437,15.4,19.1,25.0,11.842814,13.4781885,18.406
A935,-15.3247,-57.2258,4331,12.8,16.27002,22.7,10.818649,12.607809,15.0048
A936,-15.1247,-58.1272,5818,12.6,15.8,22.8,11.656005,13.689444,17.7915
A937,-15.2344,-59.3461,5750,12.7,15.8,24.4,12.217628,14.368647,17.4901
A938,-12.735,-60.1578,4614,12.0,15.0,22.8,10.611259,12.033621,14.8681
A939,-11.4458,-61.4342,5537,12.5,15.964013,24.4,9.91204,11.488042,16.5419
A940,-9.9489,-62.9619,3465,13.8,20.03601,25.0,9.796801,11.350184,13.3096
A941,-16.0747,-57.6931,3074,12.3,15.354004,22.3,11.732958,13.43414,16.9862
A942,-10.4842,-52.3725,918,12.5,15.283002,33.7,10.386159,11.70363,12.7797
A943,-11.9878,-51.4261,1280,14.2,18.662989,27.7,10.799564,12.167246,13.6878
A944,-14.8289,-56.4419,1871,11.6,14.090014,20.0,11.4195,13.1078415,14.6734
B803,-24.5708,-52.8003,2288,15.16499,19.313011,34.9,12.805983,15.469717,21.5087
B804,-25.3714,-52.4008,1957,15.219995,19.632019,35.3,13.508919,17.213715,22.1309
B806,-25.3225,-49.1577,3407,12.1,15.293994,23.7,13.880099,17.491352,24.9771
B807,-30.1861,-51.1781,1016,15.225,21.25501,30.0,14.877475,17.449255,23.6089
F501,-19.98,-43.9586,4222,19.8,24.379004,29.0,11.487599,13.118401,19.406
