split,y_true,y_pred
train,7.2,7.2926917
train,10.9,10.770825
train,9.1,11.272391
train,6.0,8.510035
train,6.5,7.290114
train,6.6,5.0414824
train,12.0,12.570789
train,8.5,9.223235
train,6.2,8.550347
train,7.9,6.11466
train,7.8,6.8306065
train,7.0,7.502281
train,7.6,9.45178
train,9.4,10.734193
train,10.8,13.032329
train,11.3,12.6527
train,10.5,11.388453
train,9.1,10.284391
train,9.5,8.575211
train,12.0,12.392595
train,8.3,8.041798
train,8.0,9.913655
train,9.6,11.278265
train,10.0,10.834682
train,8.6,10.500307
train,6.8,4.5415683
train,6.6,5.617818
train,8.2,6.815021
train,10.7,8.964754
train,6.2,6.4792676
train,10.6,11.537697
train,9.6,10.268973
train,8.6,9.307082
train,7.8,7.533939
train,6.9,6.4434805
train,10.7,6.4424143
train,10.0,10.791184
train,7.1,6.4578266
train,6.4,6.502659
train,7.1,5.9916425
train,8.7,7.736588
train,8.7,9.384287
train,8.4,7.93079
train,6.9,7.9065886
train,7.6,7.171222
train,7.6,8.465075
train,8.3,7.800631
train,6.7,7.3696613
train,7.7,6.08839
train,9.3,7.940102
train,9.5,7.8522716
train,6.4,5.55293
train,6.7,7.218291
train,11.7,6.564422
train,11.6,8.095375
train,6.8,6.943482
train,8.3,8.87675
train,9.1,9.611974
train,9.1,8.946773
train,7.2,8.399503
train,6.3,6.1465745
train,8.4,7.3970594
train,9.1,10.29848
train,8.5,8.771634
train,8.0,8.050346
train,9.3,7.43254
train,9.6,10.009794
train,7.1,9.085366
train,5.0,6.6750154
train,6.5,5.9797416
train,9.0,9.285809
train,8.4,10.168737
train,12.3,13.809102
train,13.0,14.319418
train,4.5,6.1115966
train,6.0,6.23035
train,9.4,6.7669706
train,13.7,11.654669
train,8.8,7.9935894
train,8.8,7.9965987
train,8.2,7.10477
train,7.3,4.9740796
train,6.4,6.20135
train,6.2,7.0488396
train,12.9,13.828537
train,13.1,14.786972
train,7.6,8.664978
train,6.6,6.1842394
train,6.9,5.528226
train,6.5,5.279461
train,4.7,4.712352
train,5.4,3.7943637
train,6.4,5.220404
train,5.5,5.2699857
train,6.8,5.8123527
train,6.2,6.124133
train,7.3,7.2818832
train,10.4,10.84731
train,9.1,9.349062
train,7.3,6.1577764
train,6.5,6.9616303
train,7.7,4.6121526
train,8.6,7.6952477
train,5.3,4.2467732
train,3.2,4.660154
train,6.8,8.118293
train,9.8,11.402552
train,4.8,6.483587
train,4.4,3.5941348
train,5.0,4.2832723
train,8.3,7.15454
train,9.7,8.79671
train,6.1,4.588099
train,8.9,7.817772
train,6.1,6.617822
train,5.0,4.3371387
train,7.6,8.340152
train,6.2,8.303724
train,5.1,5.0254827
train,6.6,6.6644545
train,5.5,7.284117
train,7.9,7.9053693
train,9.0,6.8025684
train,11.0,13.699074
train,9.8,13.109105
train,13.8,15.105631
train,10.7,10.0018215
train,4.3,6.176879
train,4.1,4.37008
train,3.8,4.841696
train,3.8,4.824704
train,7.9,8.3481
train,7.1,8.156382
train,5.9,5.63436
train,5.6,5.392913
train,7.1,8.131726
train,10.7,12.349389
train,15.9,13.258566
train,6.5,8.408726
train,5.1,5.470956
train,4.9,4.6520762
train,6.7,6.929275
train,5.7,4.647849
train,18.3,8.343048
train,10.2,10.800841
train,5.4,7.5357404
train,6.2,6.843992
train,5.3,4.9964275
train,7.5,7.6920934
train,14.0,13.329372
train,7.0,6.1665387
train,7.9,7.8534327
train,13.0,12.280372
train,7.8,6.27093
train,9.1,10.405534
train,11.9,10.995151
train,9.3,11.39086
train,5.6,7.518015
train,6.3,5.513143
train,3.5,3.18765
train,7.2,7.4895225
train,11.5,13.668347
train,19.2,19.44829
train,6.6,8.110232
train,4.8,5.0847116
train,4.4,4.6322722
train,7.1,5.9339356
train,8.2,5.991094
train,10.6,11.8743305
train,11.2,12.473273
train,9.4,10.257951
train,6.6,6.6778417
train,7.9,5.0971384
train,4.3,5.532785
train,4.9,7.3165927
train,7.6,8.066585
train,3.7,4.103421
train,9.2,10.781447
train,5.0,5.0014086
train,8.1,8.124796
train,6.4,8.349227
train,6.4,7.432474
train,6.4,7.016839
train,2.0,6.4046106
train,6.5,7.0382953
train,8.6,9.529357
train,9.9,11.23459
train,5.6,6.4736605
train,4.2,5.2545996
train,7.8,9.028752
train,6.8,5.001374
train,8.3,8.746702
train,6.5,7.873338
train,6.1,4.7240787
train,4.5,4.272841
train,4.0,4.2013364
train,4.1,4.4269705
train,5.5,6.7389474
train,6.1,6.951085
train,6.1,4.707687
train,4.1,4.6464324
train,4.8,5.4959416
train,9.9,9.877076
train,15.6,11.907628
train,5.4,6.6207237
train,5.7,6.1256185
train,6.8,8.115989
train,8.7,9.883379
train,8.1,5.4287477
train,5.1,4.5474367
train,4.8,5.3362308
train,10.1,10.846771
train,8.1,9.23793
train,6.2,7.0265136
train,4.6,4.4589524
train,8.0,8.010733
train,8.6,8.30445
train,8.1,8.716956
train,6.2,8.402828
train,10.6,8.512587
train,7.4,7.535193
train,9.4,6.9112816
train,9.3,10.218448
train,7.3,7.4220324
train,8.9,11.900088
train,11.8,13.392797
train,12.7,10.3682995
train,5.6,4.496937
train,9.5,9.547951
train,10.9,9.957944
train,8.8,10.316819
train,11.2,11.93913
train,10.5,11.932924
train,6.8,6.5701637
train,5.3,4.9283404
train,12.0,9.530312
train,8.1,8.020611
train,12.3,12.640489
train,8.5,10.991274
train,12.9,7.3047013
train,4.1,4.7274985
train,6.5,7.061987
train,9.7,10.414895
train,6.3,6.0400653
train,8.5,7.58146
train,7.6,7.1802545
train,5.7,5.473335
train,5.2,5.8688064
train,7.9,7.8853655
train,11.9,12.389747
train,19.5,14.863287
train,8.9,10.236562
train,7.9,9.095652
train,10.9,7.1189613
train,8.1,9.205612
train,13.1,14.061804
train,11.8,10.629308
train,11.9,14.381289
train,11.4,12.76478
train,7.0,7.982835
train,4.5,5.243237
train,8.3,7.1663246
train,6.3,4.1339536
train,6.7,7.4444957
train,8.0,7.340809
train,7.1,7.403534
train,6.6,7.554176
train,7.0,7.8315735
train,7.2,9.030035
train,10.4,10.581143
train,9.6,9.636692
train,6.6,7.44355
train,7.1,6.1849427
train,9.2,11.367635
train,10.6,11.467048
train,11.9,14.185594
train,12.7,11.646861
train,8.1,5.8917894
train,10.8,12.014809
train,8.3,9.36409
train,10.7,13.4009
train,7.4,11.173496
train,10.3,9.652252
train,9.3,9.063677
train,9.6,8.639125
train,8.6,7.6670356
train,6.5,7.194499
train,10.7,10.954974
train,10.4,9.61773
train,10.9,11.272783
train,12.0,10.423489
train,8.4,10.066318
train,9.9,9.552247
train,9.4,11.237672
train,9.1,7.4527316
train,6.9,8.698393
train,6.8,7.1509676
train,9.2,6.823476
train,9.4,8.296371
train,8.0,6.80469
train,9.6,9.520408
train,9.8,7.5715795
train,5.8,5.42025
train,7.4,6.657604
train,11.0,9.204233
train,7.7,7.219652
train,8.3,7.662433
train,11.5,10.20277
train,10.1,9.918449
train,15.5,12.662785
train,8.2,8.275559
train,9.1,10.437806
train,8.0,13.104443
train,13.9,10.843992
train,10.5,10.41555
train,7.9,9.234622
train,9.6,11.548562
train,10.9,13.592124
train,8.4,9.1925125
train,8.8,8.342749
train,7.9,8.563818
train,8.4,9.588268
train,7.2,9.390332
train,6.5,6.0817347
train,9.8,7.4546356
train,8.8,7.7802596
train,10.9,9.198551
train,9.4,8.877557
train,11.9,10.803275
train,7.7,8.048466
train,7.4,8.672741
train,8.8,8.773182
train,9.1,10.977802
train,12.2,11.887746
train,9.6,9.848707
train,7.6,8.129078
train,7.5,7.534499
train,7.8,8.8339405
train,10.2,12.190894
train,11.7,13.59694
train,9.4,11.380885
train,10.4,11.826522
train,9.9,10.802347
train,8.3,7.80102
train,15.4,7.573194
train,15.4,9.340483
train,21.8,19.767595
train,17.3,20.836025
train,16.7,19.32681
train,19.3,18.696222
train,16.1,10.20617
train,14.0,15.323035
train,17.8,20.092073
train,17.5,17.698795
train,20.4,17.649961
train,11.3,9.269186
train,14.9,16.172106
train,17.5,13.021069
train,19.0,17.644842
train,19.0,20.14407
train,20.7,21.135292
train,20.1,21.28329
train,15.1,20.914715
train,15.7,18.377926
train,17.0,19.042257
train,11.9,20.975533
train,18.7,13.612179
train,15.0,17.743845
train,20.7,18.321075
train,16.3,20.11487
train,15.4,20.91234
train,10.3,10.763782
train,16.8,13.341192
train,17.2,16.009418
train,15.4,15.187681
train,8.7,10.848921
train,19.6,20.615812
train,21.5,24.39923
train,22.6,24.295282
train,13.2,14.040173
train,16.7,18.061922
train,18.6,17.540083
train,16.9,21.488976
train,13.0,15.1896925
train,11.1,8.754349
train,11.9,11.998718
train,18.5,15.804775
train,19.7,17.393194
train,18.6,16.770603
train,18.9,15.260874
train,14.7,11.791004
train,15.4,13.609299
train,15.1,16.87091
train,21.9,16.893274
train,17.6,15.362748
train,11.5,15.172491
train,15.1,15.584182
train,19.7,16.616905
train,16.3,15.330378
train,20.6,15.155742
train,12.9,16.275457
train,13.9,14.980713
train,15.9,17.038933
train,21.9,22.310467
train,14.0,17.387968
train,12.0,17.80277
train,11.6,8.8730345
train,15.2,11.269814
train,15.7,16.952572
train,15.8,18.79674
train,16.3,18.058527
train,17.1,13.536664
train,19.6,18.63411
train,18.3,20.484243
train,16.9,17.586527
train,10.7,9.080089
train,18.7,20.56796
train,18.6,19.316936
train,22.9,30.360159
train,29.3,33.53156
train,14.0,18.4066
train,15.3,12.9786215
train,15.8,21.400625
train,20.0,22.855701
train,17.9,23.223755
train,18.2,20.158401
train,18.0,12.83356
train,12.1,10.294117
train,11.2,13.672469
train,17.2,16.69768
train,21.4,26.625349
train,25.1,30.158827
train,22.8,24.046656
train,13.4,14.924807
train,13.7,11.548627
train,12.1,14.101994
train,12.3,13.173091
train,11.2,10.8350315
train,11.5,9.71035
train,10.9,13.090561
train,15.0,15.797179
train,13.8,15.513297
train,12.9,18.525543
train,20.2,21.911194
train,19.1,23.116354
train,15.2,16.956923
train,21.1,19.887594
train,13.3,16.959925
train,17.8,18.790705
train,12.4,11.05526
train,11.8,12.279117
train,15.6,15.004206
train,21.4,28.88985
train,16.7,22.390377
train,11.3,8.961319
train,12.1,10.114778
train,12.4,14.049658
train,16.3,14.08983
train,13.3,9.947073
train,14.8,17.828781
train,16.1,18.667368
train,11.1,10.532935
train,15.2,15.939564
train,14.5,15.639511
train,12.0,13.103259
train,16.9,17.28382
train,13.6,14.009933
train,12.0,14.176992
train,13.8,12.419383
train,22.6,23.10064
train,18.0,25.887396
train,24.0,26.591436
train,25.6,27.031855
train,18.1,21.795263
train,10.8,8.352946
train,9.7,8.268829
train,8.5,5.851415
train,18.7,20.927378
train,20.1,22.786634
train,18.6,17.892487
train,10.8,9.571679
train,16.5,13.849905
train,21.8,26.872877
train,24.5,27.685305
train,10.8,13.378201
train,11.0,9.968468
train,12.0,8.821474
train,14.6,12.743545
train,13.8,12.523062
train,25.3,18.69066
train,19.5,24.91279
train,17.8,22.860226
train,15.5,14.790887
train,13.0,14.6040745
train,14.4,15.61904
train,12.5,18.993385
train,13.8,14.308638
train,11.5,12.653195
train,9.0,4.217585
train,10.8,9.772173
train,10.7,12.05564
train,8.5,8.879496
train,7.5,5.9605293
train,8.2,4.9905143
train,10.3,7.2629833
train,7.3,9.885365
train,7.0,7.3261695
train,8.2,7.732093
train,11.4,10.166982
train,6.9,8.201978
train,7.0,9.316421
train,11.0,10.772967
train,8.6,11.132396
train,8.0,9.804583
train,8.0,8.6289215
train,9.7,8.105377
train,9.1,6.2382894
train,7.2,11.196053
train,7.6,8.164228
train,8.6,10.175339
train,8.1,10.18673
train,7.0,8.625072
train,6.8,8.003894
train,6.2,3.5222638
train,11.2,5.172849
train,14.7,6.151258
train,14.2,9.903351
train,8.4,5.0527883
train,7.4,9.885965
train,7.6,7.34436
train,5.7,6.7819924
train,9.1,9.204323
train,10.0,6.62006
train,9.1,6.6081486
train,8.6,10.163587
train,6.1,4.0169606
train,7.1,6.44505
train,7.5,6.8599815
train,7.0,8.813522
train,10.0,9.41306
train,7.2,7.9577003
train,8.4,7.719793
train,7.6,8.067284
train,7.2,8.856293
train,6.1,6.59097
train,5.8,5.14684
train,5.0,4.6231427
train,8.0,8.377538
train,5.8,6.8953776
train,4.9,4.245864
train,7.0,7.7445683
train,5.3,6.107763
train,6.3,8.374063
train,6.4,7.6860585
train,8.0,8.838627
train,8.4,6.928478
train,9.3,9.105987
train,7.7,6.5349064
train,6.2,6.978596
train,7.7,7.415295
train,7.2,8.589739
train,6.7,7.603863
train,6.4,6.3445263
train,7.4,7.161251
train,7.2,9.437742
train,7.2,7.0769544
train,4.5,4.5474977
train,5.6,4.814378
train,7.2,8.0064335
train,6.8,7.362595
train,11.6,13.190628
train,11.7,13.278002
train,6.1,5.547205
train,5.0,5.441259
train,9.3,5.9413285
train,8.3,7.9758716
train,8.2,6.569289
train,6.5,5.9835544
train,5.9,5.618854
train,5.3,3.9926238
train,6.9,7.061927
train,8.9,6.0616307
train,15.7,14.0126915
train,12.8,13.4892025
train,9.5,9.109192
train,4.8,4.4564457
train,6.6,5.8336654
train,5.6,3.9932008
train,5.0,3.7311633
train,5.1,3.3687696
train,5.0,4.504756
train,5.4,5.2500467
train,4.6,4.104945
train,7.3,5.5459256
train,5.4,6.5451
train,7.3,7.6494536
train,5.4,6.6775618
train,7.5,6.2768984
train,8.4,6.420398
train,5.7,4.5575066
train,7.3,4.8540525
train,5.8,5.660114
train,4.6,4.488734
train,7.6,6.267661
train,9.0,9.174208
train,6.0,5.538061
train,4.3,3.722922
train,3.6,4.320055
train,5.8,4.736056
train,10.5,7.8214693
train,8.8,3.8900554
train,7.3,8.405225
train,6.0,4.9536543
train,6.5,3.9139674
train,6.7,7.3570595
train,5.9,5.0382996
train,5.5,4.918969
train,2.6,4.5525684
train,5.4,5.9016676
train,7.4,7.9877934
train,8.3,5.1825776
train,10.6,12.432033
train,9.4,11.908149
train,15.1,16.70602
train,10.7,10.59819
train,5.7,7.1822844
train,3.1,3.5692184
train,5.4,3.1970599
train,4.5,3.738926
train,8.6,10.363323
train,7.2,6.661307
train,5.4,4.4598427
train,6.1,5.1568108
train,3.3,4.9790874
train,8.0,9.167631
train,10.9,9.100973
train,8.0,7.2454405
train,3.0,3.1355727
train,4.7,4.693584
train,4.9,5.5282326
train,5.7,3.93957
train,12.5,10.056944
train,9.9,9.68293
train,4.5,6.066349
train,4.5,3.6332753
train,3.1,4.186938
train,3.6,4.648265
train,15.7,15.1426735
train,4.6,4.6844034
train,9.3,9.563898
train,11.5,11.807665
train,6.7,4.8120556
train,7.9,9.11965
train,10.7,9.860447
train,11.8,11.782168
train,9.0,8.020774
train,5.5,7.111343
train,5.4,4.2692237
train,6.9,4.707852
train,9.1,14.263362
train,17.0,19.134836
train,8.5,8.46883
train,5.8,5.11711
train,3.5,3.8318121
train,5.1,3.9620929
train,5.6,5.8979583
train,5.4,10.465881
train,9.3,13.038452
train,10.1,11.041511
train,4.7,3.7892513
train,12.4,6.490546
train,7.1,6.209364
train,2.8,5.576184
train,7.8,8.111711
train,5.0,4.320537
train,5.3,7.7634354
train,4.7,3.1522744
train,6.4,5.4506226
train,8.3,7.106601
train,9.3,6.933509
train,5.6,5.646973
train,5.8,5.7205396
train,6.5,5.9267097
train,6.8,9.03293
train,13.5,13.626783
train,4.6,4.543868
train,7.2,3.9933565
train,6.0,6.352378
train,5.1,3.649105
train,6.4,7.4565716
train,4.5,6.0293813
train,6.8,5.0980644
train,3.9,3.4889987
train,5.5,4.007871
train,3.9,3.6467342
train,7.1,4.7795706
train,3.7,5.415497
train,3.8,4.2043905
train,4.7,4.7351036
train,4.5,3.9252594
train,11.0,8.185937
train,10.8,10.845853
train,5.9,5.912341
train,4.0,4.0666556
train,5.2,7.9501386
train,12.6,10.814048
train,6.7,4.873528
train,5.9,5.9231467
train,4.3,4.400098
train,12.5,9.394163
train,7.9,7.9629226
train,6.7,5.9985185
train,5.7,5.4770756
train,6.4,7.5349207
train,5.7,7.107979
train,3.7,6.2052855
train,3.3,4.1114497
train,11.2,9.702241
train,8.7,6.2577367
train,5.5,4.765443
train,7.4,7.448891
train,5.6,7.8809676
train,7.5,11.6659775
train,6.4,8.979412
train,10.8,8.524577
train,5.3,5.029121
train,6.9,8.343471
train,7.5,6.7448087
train,9.1,11.776612
train,11.3,10.104997
train,3.3,7.749704
train,9.7,6.136073
train,4.6,4.860054
train,7.7,9.1013155
train,16.2,7.6608996
train,9.0,10.146464
train,4.6,8.449892
train,9.4,7.443566
train,6.0,4.222069
train,6.4,6.8032074
train,7.1,10.716997
train,5.4,4.8518662
train,5.9,5.41228
train,6.8,9.42786
train,4.6,4.8553143
train,5.1,5.379495
train,6.2,8.693978
train,8.0,9.950865
train,15.2,11.399483
train,9.6,11.274231
train,7.3,8.601631
train,8.9,6.321819
train,9.5,11.849701
train,9.6,11.622185
train,10.1,11.376139
train,8.6,13.027403
train,8.3,9.62583
train,7.7,7.388977
train,5.8,7.1462207
train,7.1,7.1638265
train,5.6,5.3808613
train,6.9,5.732225
train,5.2,6.045051
train,8.9,7.5001097
train,5.6,4.956339
train,6.5,6.7478175
train,8.1,9.553906
train,8.1,10.584455
train,6.3,7.436091
train,5.2,6.2661366
train,4.5,5.1712813
train,9.2,9.075751
train,9.0,10.244084
train,10.9,12.457313
train,8.2,8.493455
train,6.4,6.5823874
train,9.4,9.333715
train,7.4,7.261102
train,10.7,12.4758415
train,10.4,11.325485
train,6.5,6.7228556
train,8.5,8.248191
train,8.2,9.225167
train,7.1,7.0757246
train,7.8,7.572979
train,8.6,8.802464
train,8.0,8.933116
train,7.8,6.735324
train,10.0,10.75332
train,6.8,9.120542
train,8.6,9.857857
train,7.6,7.9822035
train,6.9,4.6633897
train,5.8,4.5724864
train,4.4,4.231963
train,7.1,6.0951805
train,6.1,7.6180916
train,9.7,7.2452183
train,5.8,8.228012
train,6.7,6.4045553
train,7.1,6.6865997
train,9.0,7.233029
train,7.9,7.9788356
train,7.9,8.616894
train,9.1,9.7212715
train,7.0,9.761608
train,6.3,7.8066263
train,8.2,7.0690355
train,13.1,9.8059025
train,6.1,10.393854
train,9.0,6.6660724
train,15.3,11.081803
train,6.8,7.8871117
train,7.4,11.308794
train,9.1,9.564415
train,14.7,15.608494
train,6.7,8.505646
train,7.5,8.876856
train,6.9,8.903962
train,8.3,6.058512
train,6.2,5.7397037
train,6.8,7.5861425
train,5.8,9.066352
train,11.8,8.170304
train,11.0,13.24183
train,11.7,9.432805
train,6.2,6.961947
train,6.6,5.503662
train,7.1,7.5390506
train,8.4,8.778305
train,7.4,9.340617
train,21.6,8.122668
train,9.7,9.91275
train,9.1,6.9156547
train,7.1,8.574968
train,7.1,10.152426
train,8.3,10.37473
train,8.9,10.98777
train,7.8,10.219214
train,15.5,9.343998
train,7.5,9.652186
train,7.7,5.8371496
train,7.9,6.767046
train,7.9,7.45785
val,7.0,7.113317
val,9.3,9.893013
val,10.7,9.609194
val,9.4,10.116515
val,8.5,9.355545
val,6.9,4.8031354
val,8.3,5.66094
val,6.5,5.4569664
val,9.8,9.074278
val,9.4,8.568809
val,9.1,11.425275
val,19.4,9.820284
val,8.9,9.228234
val,11.0,11.020431
val,9.5,11.010569
val,9.5,8.894768
val,14.3,8.129847
val,8.2,8.295764
val,8.1,8.107343
val,8.6,9.577869
val,9.5,9.981025
val,9.5,10.531351
val,8.3,8.2155695
val,8.2,5.6322975
val,6.1,6.3302116
val,10.5,8.301164
val,12.8,7.659727
val,7.6,7.851324
val,9.4,7.687524
val,7.8,5.1241994
val,9.4,6.1584253
val,4.9,3.4622154
val,6.8,4.624462
val,8.3,8.950309
val,15.2,15.894056
val,11.3,13.046293
val,5.2,7.5575724
val,5.9,6.8257613
val,7.3,7.497705
val,9.6,6.881768
val,9.9,9.667114
val,11.4,10.807913
val,5.4,8.289513
val,4.8,6.4266524
val,8.1,4.944216
val,8.1,6.35824
val,7.6,8.006529
val,10.0,10.652571
val,7.7,9.112082
val,5.2,5.7572203
val,13.7,6.3335404
val,8.0,8.042973
val,6.0,9.0688715
val,9.1,6.349598
val,6.3,6.7282996
val,7.8,6.836259
val,8.4,10.075231
val,10.6,11.312905
val,10.7,13.01406
val,9.1,10.1960125
val,7.7,9.198179
val,6.5,6.8536863
val,5.5,5.0935473
val,8.8,8.871953
val,7.0,7.807943
val,5.9,4.943732
val,6.7,7.3987026
val,9.2,8.591606
val,8.7,8.330119
val,5.6,5.3170576
val,5.4,4.400538
val,5.6,4.813146
val,8.3,9.155464
val,5.7,6.206625
val,6.8,9.043563
val,8.9,8.785516
val,6.2,8.13467
val,6.5,6.840098
val,8.8,9.459882
val,7.0,7.7201214
val,6.2,7.1696935
val,8.1,7.467445
val,6.5,7.056255
val,6.7,8.865113
val,6.9,7.5809455
val,4.5,6.9339547
val,6.2,5.9579926
val,8.1,9.660067
val,10.6,10.024006
val,9.2,9.270892
val,7.5,7.453973
val,7.6,9.21911
val,6.5,8.088814
val,8.6,9.3128195
val,6.7,9.128432
val,5.0,6.7861214
val,9.3,9.592631
val,6.4,9.092332
val,7.6,7.861227
val,5.5,5.9171386
val,13.5,12.74944
val,6.1,10.159721
val,7.2,5.67814
val,8.5,8.89338
val,5.5,5.338392
val,4.0,3.5118601
val,8.3,7.8437743
val,8.6,9.129855
val,7.5,7.1020284
val,8.1,8.34976
val,9.3,11.164594
val,9.9,9.992143
val,7.6,8.29266
val,6.0,4.7186913
val,6.6,8.056123
val,6.6,8.114542
val,5.9,5.8822513
val,5.0,5.328922
val,3.7,4.201888
val,6.6,5.809592
val,5.3,5.6559286
val,4.5,3.8986647
val,7.3,5.6331925
val,8.0,7.265581
val,8.1,8.298657
val,7.2,8.067198
val,5.5,5.5303707
val,4.6,3.6469986
val,7.3,5.6109776
val,7.2,5.3708577
val,5.7,6.873416
val,4.1,4.692545
val,4.0,3.745618
val,4.3,3.8316596
val,3.7,3.6915205
val,3.7,3.400783
val,6.2,5.0570855
val,4.9,5.005677
val,3.6,3.5105162
val,3.8,2.9411058
val,10.7,10.691648
val,11.4,11.325914
val,16.2,17.76427
val,12.1,13.03394
val,8.9,7.7234163
val,4.0,5.5143194
val,5.0,5.8865504
val,6.0,7.7339625
val,8.5,7.8943973
val,6.2,6.9669766
val,5.8,5.106289
val,4.8,5.8023267
val,8.5,6.800399
val,4.3,4.018768
val,4.9,6.3259063
val,11.3,8.92006
val,8.1,6.4753604
val,9.1,9.249387
val,8.8,8.705709
val,11.6,9.989604
val,7.8,6.685747
val,10.7,7.647515
val,6.7,6.3968954
val,5.3,5.5359597
val,4.4,5.3664064
val,7.4,7.5166755
val,6.6,6.8698006
val,4.0,4.7853565
val,4.8,4.4362836
val,4.5,6.7810726
val,4.7,4.6872096
val,5.0,5.4791565
val,2.9,4.3360004
val,8.1,10.306573
val,10.9,12.743052
val,10.0,9.660281
val,8.0,7.4255466
val,7.8,9.840896
val,12.1,12.559131
val,13.7,16.31441
val,10.3,11.129262
val,5.8,4.7322965
val,7.5,5.6353054
val,3.6,4.254921
val,4.8,4.1285973
val,3.9,3.7952418
val,7.7,6.3532267
val,7.4,8.062103
val,4.1,2.9536388
val,6.4,4.109012
val,7.4,7.5267224
val,5.6,5.41888
val,5.7,5.224122
val,2.6,5.5317554
val,6.9,5.5851355
val,9.5,8.056617
val,4.4,4.778104
val,9.5,8.484178
val,15.3,16.589144
val,17.2,15.231851
val,4.7,4.8249516
val,4.0,5.0055437
val,4.9,4.452649
val,2.2,5.1306343
val,4.2,5.3546286
val,7.8,7.9284678
val,7.2,7.09586
val,10.6,11.332133
val,12.2,12.425679
val,9.2,9.842202
val,4.1,3.7412379
val,6.2,4.212997
val,5.0,3.5408316
val,4.9,3.9734993
val,4.9,3.829893
val,5.4,5.1049967
val,8.9,7.684708
val,7.1,6.323637
val,5.2,6.4298677
val,3.7,5.6989927
val,6.0,5.887027
val,6.0,7.351403
val,6.2,6.2165794
val,6.5,5.7268634
val,8.7,9.790428
val,5.3,7.2818904
val,3.7,5.009766
val,3.5,2.6530957
val,5.2,3.0440378
val,12.8,9.945781
val,10.3,11.302899
val,10.1,10.8993
val,6.6,8.472112
val,9.9,12.164112
val,7.1,8.793275
val,7.1,11.202555
val,4.7,8.036406
val,8.9,13.312297
val,5.0,4.85642
val,10.3,12.378721
val,6.3,9.050383
val,8.9,8.903868
val,7.1,7.9947
val,5.8,8.563731
val,4.0,6.4658623
val,8.3,11.749398
val,7.4,8.187287
val,8.2,7.0499034
val,10.1,11.891905
val,13.3,16.044065
val,6.1,15.511804
val,14.4,15.333592
val,10.9,13.683754
val,4.4,6.4854546
val,6.1,7.3325458
val,3.5,10.56231
val,6.2,9.3338375
val,6.7,6.688407
val,4.3,5.540484
val,13.6,12.5881195
val,9.6,11.126207
val,11.8,11.225177
val,7.3,7.3562617
val,4.4,4.531931
val,5.1,6.756496
val,6.2,5.097701
val,8.9,10.554721
val,8.7,10.8165655
val,11.6,15.047301
val,11.5,12.19443
val,6.3,6.000347
val,8.9,9.479794
val,7.5,8.179242
val,6.5,6.371513
val,8.5,11.914772
val,12.0,12.073727
val,9.0,9.115905
val,9.2,13.288392
val,11.8,12.724624
val,9.9,11.13932
val,6.1,7.096582
val,8.8,8.750633
val,6.6,10.455584
val,12.4,12.12474
val,7.0,12.187747
val,5.4,6.1676717
val,5.9,7.94048
val,6.0,7.0985904
val,6.6,9.267357
val,7.1,7.5614347
val,5.2,7.030725
val,9.3,9.842378
val,7.3,10.343646
val,8.6,9.743177
val,6.4,5.9888883
val,7.9,5.6874275
val,10.6,11.849285
val,10.8,13.0082
val,12.9,13.331187
val,10.4,10.421911
val,7.5,9.360974
val,7.9,7.914108
val,7.9,7.1349587
val,6.1,7.5038877
val,5.9,6.491475
val,9.3,10.670047
val,6.2,7.7094994
val,5.5,6.663081
val,5.7,7.2379003
val,7.3,10.896056
val,9.9,11.114483
val,11.1,11.005206
val,11.6,12.553917
val,7.4,10.179953
val,8.5,10.065907
val,12.8,7.5700135
val,7.4,11.1626835
val,5.0,7.475154
val,6.7,6.4848146
val,7.0,7.075106
val,6.9,6.660793
val,6.9,7.2656136
val,9.5,14.168223
val,9.0,8.138255
val,15.0,7.1249447
val,11.6,15.161862
val,9.8,11.525156
val,3.0,5.9133787
val,15.0,18.098915
val,10.4,13.067204
val,7.7,8.597687
val,7.9,8.8210745
val,10.9,10.615663
val,9.8,11.63808
val,9.2,10.954821
val,8.8,11.615363
val,10.7,11.150055
val,8.7,9.76506
val,8.6,9.413855
val,8.8,8.193801
val,8.6,8.873739
val,8.7,8.927469
val,8.0,8.028856
val,11.3,12.370781
val,8.0,11.846374
val,11.3,10.027821
val,10.5,11.617495
val,10.6,11.594904
val,8.5,10.697389
val,8.9,7.7836766
val,7.0,7.8881783
val,8.6,9.492713
val,7.8,8.737416
val,8.6,8.519684
val,6.6,8.011331
val,7.8,8.053336
val,7.5,8.212518
val,8.0,8.72365
val,9.6,11.641229
val,10.6,11.141553
val,10.0,8.4411335
val,6.6,9.418747
val,8.6,9.2163315
val,6.3,7.530164
val,5.9,7.9273596
val,12.4,14.426053
val,8.8,10.086858
val,8.6,10.526454
val,10.6,12.106115
val,10.4,12.965872
val,6.9,9.277024
val,5.6,7.1288896
val,6.2,7.0253897
val,8.3,10.241133
val,7.4,10.363186
val,11.1,7.1749187
val,14.9,10.038225
val,11.8,9.705853
val,8.5,7.081293
val,6.6,7.753582
val,6.0,8.2757015
val,7.9,10.273687
val,8.3,8.308861
val,14.5,6.342554
val,6.4,7.675148
val,8.6,6.8188086
val,15.2,6.735287
val,14.3,13.170096
val,9.4,10.26985
val,8.9,9.775894
val,9.4,11.325194
val,10.1,9.763649
val,9.9,9.294231
val,7.7,9.837041
val,10.8,8.957682
val,9.4,4.866446
val,5.6,7.6636243
val,8.6,10.869281
val,11.1,10.515385
val,7.9,8.2512245
val,7.4,7.307119
val,9.5,9.486057
val,8.1,9.936447
val,6.0,7.2639995
val,6.3,6.917602
val,8.9,8.286672
val,5.2,6.2411647
val,7.0,7.8829446
val,6.6,7.0741386
val,7.4,7.7905626
val,7.9,6.9943166
val,11.1,6.452841
val,9.0,8.12141
val,5.9,6.2659473
val,6.9,6.8585086
val,7.4,8.6655855
val,6.5,8.43443
val,6.6,6.903213
val,14.5,7.882927
val,8.4,6.5989065
val,6.0,8.833889
val,4.3,5.6383324
val,4.7,6.4685893
val,3.3,6.2481
val,6.6,7.5537457
val,9.8,6.221384
val,13.1,10.525287
val,5.5,8.588201
val,7.3,10.740523
val,11.0,7.438041
val,8.6,10.32693
val,6.6,9.41729
val,5.7,7.1804056
val,0.5,6.4079666
val,4.4,8.471304
val,7.1,9.865572
val,5.1,8.122803
val,10.5,5.8876977
val,8.6,12.696398
val,9.7,12.185903
val,11.1,12.166488
val,7.9,10.930964
val,4.9,9.907813
val,7.8,11.290768
val,9.7,12.310975
val,9.7,12.094333
val,5.9,8.546182
val,5.5,5.4610543
val,6.7,8.467452
val,9.7,10.702713
val,5.7,7.710067
val,5.4,6.053765
val,9.7,8.360846
val,8.3,9.260276
val,8.3,6.8909707
val,4.3,4.708996
val,4.8,5.5965953
val,5.0,5.251586
val,5.6,5.794714
val,4.7,6.422819
val,6.9,9.433654
val,6.1,9.281166
val,5.8,7.4836617
val,5.1,7.273766
val,6.7,8.773651
val,6.2,7.7350335
val,5.2,5.1910267
val,5.4,6.410694
val,6.6,6.403752
val,4.0,6.413387
val,5.7,5.6246996
val,3.4,4.7556486
val,3.3,5.4829755
val,7.1,10.746205
val,5.5,7.0469055
val,11.6,10.667902
val,9.8,8.976578
val,12.4,12.601
val,12.4,10.301578
val,4.7,6.4252663
val,5.0,5.753315
val,4.1,5.027337
val,2.6,8.177941
val,10.0,9.686077
val,9.5,11.656299
val,4.8,5.937353
val,3.0,3.891725
val,4.9,4.6064205
val,4.6,4.756752
val,4.7,4.5231776
val,2.1,4.0514736
val,5.9,10.240879
val,4.9,7.0704503
val,4.1,4.8284197
val,2.6,5.7687488
val,7.7,9.514773
val,8.2,14.735036
val,12.2,20.136898
val,14.0,16.881935
val,6.0,9.48144
val,4.4,5.534356
val,3.0,4.1888914
val,2.7,3.6089103
val,2.9,3.7772014
val,4.5,6.0926194
val,4.6,7.60776
val,2.8,6.124182
val,4.7,8.193599
val,5.1,5.246918
val,5.3,7.9962816
val,5.1,8.482425
val,3.7,5.6843143
val,5.6,5.912032
val,7.3,7.0472655
val,3.8,5.292502
val,6.7,9.411563
val,3.2,5.8736844
val,4.7,7.056672
val,4.2,5.4071712
val,3.0,4.1727595
val,2.4,4.011186
val,12.3,11.931608
val,9.1,11.992755
val,9.9,11.079218
val,3.6,5.253593
val,4.4,5.4908934
val,3.2,5.329829
val,1.9,4.669007
val,4.9,8.826979
val,6.0,8.831987
val,3.0,4.4926577
val,3.4,4.1565294
val,8.4,6.7140384
val,3.8,5.2707267
val,5.3,9.345038
val,4.7,7.3775196
val,6.8,8.482506
val,3.1,5.0386205
val,3.8,5.1761265
val,6.8,11.820916
val,6.6,10.571021
val,4.5,6.048298
val,9.9,10.545122
val,8.4,11.916231
val,4.5,6.4571934
val,4.2,6.233258
val,4.6,5.8502645
val,4.6,7.1777487
val,8.4,9.86489
val,4.7,7.1822863
val,6.1,10.938394
val,6.6,10.459961
val,10.8,12.550127
val,10.7,13.379878
val,7.6,8.027834
val,6.3,8.873978
val,4.5,9.307008
val,10.1,17.892878
val,8.5,13.595407
val,4.2,4.182274
val,3.8,5.54084
val,4.6,7.067946
val,8.3,10.138461
val,3.3,5.415491
val,3.2,7.334137
val,4.2,5.3074255
val,6.3,6.6417003
val,4.4,7.367313
val,2.3,4.847309
val,11.2,12.914828
val,11.8,14.6753235
val,3.0,5.352197
val,3.9,4.5131946
val,3.3,3.7693794
val,3.9,5.166745
val,7.4,9.908473
val,7.4,12.332282
val,5.8,11.547404
val,5.5,9.005823
val,8.9,10.833909
val,6.6,9.3710785
val,5.9,9.36366
val,8.7,12.746627
val,3.9,6.104143
val,4.9,7.4710484
val,4.9,7.58279
val,4.7,5.976446
val,8.6,9.994308
val,3.9,9.323358
val,5.8,7.3461943
val,9.2,12.914665
val,5.6,8.949684
val,5.6,5.7428827
val,4.6,5.271693
val,3.8,4.0515537
val,5.6,5.795449
val,4.4,5.116589
val,3.9,6.560627
val,6.0,5.0030603
val,10.4,9.822513
val,13.9,13.650901
val,8.3,7.7190256
val,9.2,8.660541
val,5.9,7.473391
val,4.3,7.4347987
val,9.1,10.166398
val,7.2,8.321088
val,5.4,5.458119
val,8.0,7.314158
val,5.6,8.468962
val,4.5,6.108392
val,7.4,8.442907
val,12.5,13.43067
val,10.5,10.96254
val,6.5,6.3613963
val,4.2,6.4482536
val,7.5,8.599955
val,8.5,9.191832
val,8.6,7.16695
val,10.8,9.691498
val,11.3,10.761743
val,8.2,10.940916
val,10.6,9.099406
val,7.8,8.497261
val,8.5,9.051022
val,9.4,15.017078
val,9.2,11.788478
val,6.0,6.346282
val,9.0,10.4144945
val,6.8,6.005286
val,8.8,8.595053
val,9.5,10.276502
val,7.2,8.691844
val,8.6,9.008588
val,5.7,7.0693493
val,5.0,6.372282
val,7.8,7.8562174
val,5.9,6.148287
val,9.8,11.07167
val,7.2,8.362
val,9.6,13.293526
val,10.5,9.718388
val,11.0,12.438633
val,8.2,9.266427
val,6.0,8.994502
val,6.5,5.465723
val,11.3,7.2513695
val,11.5,12.460914
val,11.0,12.686618
val,7.7,9.401565
val,10.7,12.957221
val,11.7,13.189277
val,8.4,8.000814
val,5.4,6.247187
val,10.1,10.957407
val,4.7,6.490229
val,7.8,9.100861
val,7.5,8.283451
val,8.7,9.207874
val,12.9,9.553181
val,9.0,12.104014
val,5.3,4.0608373
val,8.5,7.044026
val,12.0,9.9130125
val,12.7,13.997493
val,8.6,9.883517
val,8.5,4.9989076
val,7.8,6.588109
val,8.3,7.926683
val,9.7,11.0960655
val,11.6,10.817197
val,10.0,8.690843
val,9.4,9.388846
val,6.4,7.5935993
val,7.1,7.2586055
val,7.0,8.823829
val,6.0,6.816855
val,7.8,10.594945
val,12.3,12.508591
val,11.4,13.153844
val,6.1,5.269245
val,6.7,6.306983
val,7.5,8.477726
val,9.5,10.472905
val,9.4,9.868073
val,6.7,7.2015424
val,9.6,7.0550394
val,5.8,6.9394636
val,5.9,6.1482987
val,6.2,6.9804664
val,10.3,10.9671135
val,10.0,12.444859
val,10.8,12.102972
val,10.4,12.424468
val,9.7,13.667534
val,10.9,9.367693
val,7.6,7.5465283
val,6.6,6.285697
val,8.1,8.140964
val,8.1,10.078154
val,7.8,8.513874
val,6.5,7.54287
val,9.4,7.9776483
val,6.9,8.195074
val,6.5,8.430916
val,6.7,7.70522
val,14.5,14.704436
val,9.7,11.228097
val,6.8,8.507575
val,9.5,9.403186
val,11.3,12.530184
val,11.2,11.913632
val,10.6,13.461495
val,9.4,13.171315
val,8.6,12.837275
val,7.5,11.21284
val,8.1,10.743898
val,10.4,12.071957
val,8.1,8.639848
val,8.2,10.244344
val,5.1,7.2156124
val,6.9,7.916617
val,10.6,8.00205
val,7.4,8.568698
val,6.6,7.664502
val,7.5,7.651658
val,3.3,9.956407
val,2.7,9.988693
val,0.2,9.49698
val,0.3,17.034155
val,1.8,20.074932
val,2.6,12.310122
val,3.4,15.172335
val,20.5,25.676216
val,16.8,10.123333
val,16.8,18.63181
val,15.3,18.089153
val,13.9,10.083718
val,15.6,13.292679
val,12.6,10.984005
val,15.6,12.437173
val,15.6,15.518331
val,12.9,10.434619
val,15.8,20.020548
val,15.5,14.899312
val,20.8,17.458075
val,20.2,26.745037
val,20.2,15.508859
val,17.1,18.08346
val,14.6,16.324768
val,21.6,23.593216
val,20.2,23.519041
val,10.3,9.231834
val,14.4,11.850655
val,15.0,12.239744
val,12.0,14.8222685
val,8.9,6.7085414
val,11.7,11.982578
val,12.2,12.052395
val,10.7,8.941352
val,12.7,13.141744
val,11.3,13.038919
val,15.4,23.401999
val,22.3,27.857656
val,16.4,15.800384
val,15.4,8.113557
val,8.9,7.6434274
val,15.0,6.757253
val,12.1,13.372651
val,22.5,15.488518
val,18.5,23.433277
val,16.6,10.780832
val,17.1,15.819816
val,17.7,14.643326
val,15.7,14.028924
val,15.0,14.48554
val,7.8,7.532726
val,13.1,15.13101
val,12.4,16.826937
val,11.2,13.847676
val,18.3,16.283815
val,16.4,18.464912
val,13.0,14.362152
val,22.1,24.851042
val,21.7,22.080498
val,14.5,8.078456
val,14.7,8.163994
val,8.7,7.5563574
val,13.6,14.687634
val,14.3,15.396175
val,9.3,8.788584
val,11.1,9.927205
val,12.2,15.561468
val,19.9,23.80563
val,17.3,20.29771
val,14.8,12.963758
val,15.6,16.853523
val,14.3,15.727323
val,19.5,21.043266
val,19.7,21.37381
val,17.2,15.347551
val,10.4,12.452381
val,15.5,17.464613
val,12.4,14.664568
val,9.4,18.28858
val,20.7,29.349209
val,19.3,24.312038
val,10.9,15.366601
val,13.4,15.3895855
val,15.5,15.612168
val,13.1,16.36964
val,8.8,11.584079
val,10.1,14.220192
val,11.5,20.234995
val,17.7,21.90565
val,24.5,24.254467
val,13.3,16.505487
val,11.7,16.944187
val,26.7,32.704456
val,25.2,29.23868
val,17.5,17.651272
val,11.2,17.620958
val,12.5,17.251616
val,12.0,14.654302
val,11.5,16.117428
val,10.6,13.603793
val,16.1,15.423459
val,14.3,13.838626
val,9.6,11.324222
val,15.1,15.325916
val,12.0,14.085205
val,17.0,17.157057
val,19.4,20.302147
val,20.2,24.106855
val,13.0,13.443809
val,20.7,24.57179
val,16.2,15.854877
val,16.8,19.729383
val,12.8,15.753904
val,14.4,19.733974
val,15.8,21.58639
val,17.6,19.365822
val,16.6,18.684687
val,16.6,23.486088
val,16.7,20.655289
val,14.8,14.750352
val,10.4,11.034833
val,13.4,13.773137
val,9.8,11.6355715
val,13.2,15.080561
val,10.1,11.558134
val,17.2,16.936682
val,20.1,20.849642
val,16.3,15.660216
val,8.5,10.064368
val,13.8,12.263943
val,13.6,17.131468
val,18.5,26.799866
val,18.5,23.635801
val,12.5,16.074963
val,11.0,13.315831
val,11.2,14.630955
val,16.7,16.808062
val,15.8,16.479425
val,17.3,16.13397
val,17.0,16.645445
val,16.5,14.208009
val,11.1,11.305984
val,10.3,13.701426
val,11.0,13.405505
val,17.9,21.336159
val,20.1,23.233192
val,20.6,21.563808
val,11.8,11.726054
val,11.8,9.234992
val,11.4,16.40318
val,17.0,22.681147
val,19.3,22.80603
val,18.0,20.951513
val,18.1,13.320032
val,12.3,10.083833
val,12.0,6.898647
val,11.2,9.627937
val,13.1,14.947195
val,13.6,17.181684
val,15.0,16.520308
val,12.4,16.386765
val,15.3,20.127962
val,17.1,21.167723
val,16.7,16.69445
val,7.1,8.016078
val,8.9,10.458831
val,8.9,14.284958
val,12.3,11.606435
val,12.2,10.623837
val,14.3,13.274118
val,10.8,12.508987
val,10.2,12.977769
val,12.6,12.962933
val,18.5,21.381058
val,14.4,18.99506
val,13.9,14.412114
val,14.4,16.37219
val,14.7,18.120378
val,16.2,18.67474
val,20.2,21.671282
val,19.9,24.558342
val,18.0,23.44112
val,12.0,15.892862
val,12.6,16.247532
val,16.1,20.316378
val,19.0,21.067308
val,12.2,14.404715
val,12.1,16.182695
val,10.9,8.959345
val,18.9,16.95309
val,13.4,18.878414
val,13.9,16.017881
val,13.4,16.957813
val,7.2,7.3713455
val,7.6,9.451312
val,8.0,9.975416
val,7.6,7.9435973
val,7.0,6.279225
val,7.5,6.631128
val,8.3,7.3723936
val,7.4,5.326909
val,7.7,7.8243604
val,7.7,6.9628334
val,7.7,6.574942
val,18.6,8.314803
val,9.1,9.36595
val,11.8,11.961621
val,12.5,8.853356
val,18.1,8.374838
val,13.5,7.960568
val,6.0,6.648603
val,8.3,9.260116
val,8.2,8.323358
val,7.9,9.036674
val,8.3,9.113576
val,7.0,7.885419
val,12.3,4.45921
val,9.6,5.4735117
val,12.2,8.122941
val,13.7,8.223956
val,8.0,6.4614277
val,9.6,10.621368
val,9.1,7.6514416
val,7.4,7.4367046
val,6.6,4.412732
val,9.3,5.4442124
val,7.2,5.930222
val,16.0,17.872377
val,8.8,13.677556
val,5.5,6.8604836
val,5.7,7.6337266
val,6.6,9.143775
val,9.9,7.13587
val,8.6,10.6166315
val,9.8,9.4566965
val,7.1,7.0414295
val,6.1,4.772754
val,9.2,9.113048
val,5.9,6.3182654
val,11.6,10.122241
val,10.4,10.935375
val,9.3,10.937383
val,7.5,6.0834813
val,10.6,7.485629
val,6.8,9.1743765
val,5.6,8.425138
val,8.2,4.561607
val,6.4,6.7703223
val,7.3,9.611651
val,8.3,10.728894
val,10.4,13.5388975
val,10.1,12.894384
val,8.6,10.300707
val,5.8,7.16969
val,5.2,5.1247945
val,9.1,3.563431
val,7.0,7.5263076
val,6.2,6.5690007
val,4.7,5.094798
val,5.8,4.5841694
val,7.1,5.9324417
val,5.6,6.837398
val,3.7,3.8062043
val,6.0,5.379675
val,5.7,6.631632
val,6.9,8.622369
val,6.5,9.18493
val,5.2,7.0732007
val,10.0,6.9106092
val,8.5,6.317972
val,6.8,10.17179
val,5.5,7.935495
val,7.6,7.4828186
val,6.2,9.728737
val,5.3,7.0871687
val,5.2,8.269502
val,4.9,6.1816144
val,11.9,6.3929353
val,4.2,6.3112173
val,5.4,7.663278
val,8.5,11.628609
val,7.0,11.245538
val,7.4,8.435528
val,8.1,7.2165384
val,6.0,9.225828
val,5.7,6.6679416
val,6.1,8.596583
val,6.5,8.290709
val,4.5,6.8062444
val,7.3,9.038143
val,6.1,7.976928
val,5.6,6.986945
val,6.7,6.5392575
val,12.7,12.8734455
val,10.3,11.157188
val,6.9,7.3784094
val,5.6,7.7736325
val,6.1,4.854144
val,6.0,3.6359859
val,6.9,5.5380983
val,7.1,8.2123375
val,6.5,7.2981014
val,7.3,7.7863846
val,9.2,8.811636
val,7.3,7.745058
val,5.0,6.267054
val,4.5,4.142529
val,7.0,7.0786533
val,6.8,6.751121
val,6.9,5.7864237
val,5.4,3.9794252
val,5.1,4.05999
val,4.0,4.950529
val,4.9,4.0506988
val,4.1,4.6479383
val,4.0,4.896451
val,6.6,7.7690787
val,5.4,8.048708
val,4.1,6.156266
val,5.0,4.691599
val,5.9,5.2313643
val,4.1,5.1629825
val,5.8,5.235221
val,6.2,7.1942487
val,4.0,3.4009519
val,3.5,4.654928
val,4.4,4.5229354
val,3.5,4.4512115
val,3.1,3.5548038
val,7.1,7.6926217
val,5.0,4.7628345
val,4.4,3.8915162
val,5.2,3.521638
val,7.8,8.560764
val,11.9,10.5167265
val,14.0,20.195095
val,12.0,15.837782
val,6.1,7.1426888
val,4.2,3.3008435
val,4.6,4.563577
val,12.6,7.420739
val,7.6,8.03971
val,6.0,5.5356636
val,4.8,3.5726893
val,3.3,3.52848
val,9.9,8.567699
val,3.2,3.5865633
val,4.4,4.8669653
val,8.6,8.576662
val,12.0,6.0677986
val,6.4,8.096263
val,5.8,6.9046392
val,8.1,6.156649
val,6.4,4.5616064
val,8.5,8.930187
val,5.7,5.837189
val,4.0,3.8739707
val,5.0,4.2668357
val,3.5,5.1937
val,4.6,5.4850063
val,3.7,2.4621053
val,5.4,3.9459007
val,2.8,3.6141741
val,3.8,4.143745
val,5.4,7.0609875
val,5.0,6.1027045
val,6.0,6.2574477
val,13.7,11.022283
val,7.8,9.156519
val,12.4,5.101273
val,9.7,10.176014
val,9.8,12.63466
val,12.3,16.53363
val,9.2,10.946712
val,3.3,3.4777358
val,6.2,4.3491774
val,4.0,3.0108573
val,3.3,3.9314587
val,2.3,3.3023126
val,2.8,5.1166697
val,7.6,5.029393
val,4.3,4.2935276
val,2.8,3.3980296
val,6.8,6.105429
val,5.2,3.7222736
val,3.0,3.0948973
val,4.0,4.4831333
val,5.3,4.6772723
val,7.1,6.7468405
val,4.9,4.9224186
val,10.3,8.480708
val,13.7,14.751076
val,14.5,13.8970785
val,6.1,4.5522776
val,4.9,3.663003
val,3.5,3.2666783
val,3.2,3.766871
val,4.7,5.120861
val,5.4,6.101151
val,7.9,5.826579
val,11.0,11.355136
val,16.7,14.045589
val,9.3,9.6349
val,4.0,3.5449662
val,3.6,3.2985644
val,5.0,3.7003038
val,6.2,3.5891118
val,4.9,3.7232041
val,5.4,4.9036746
val,7.5,5.783684
val,3.5,4.4421206
val,6.2,4.2309513
val,3.9,4.3395677
val,5.1,5.158162
val,4.6,4.9058614
val,4.8,4.247638
val,6.0,6.7314777
val,9.0,8.621633
val,4.6,4.935274
val,4.7,5.109394
val,4.1,3.3029344
val,3.1,3.519572
val,10.0,9.470148
val,9.6,9.737381
val,11.3,10.130821
val,8.6,8.792463
val,11.0,11.122302
val,9.7,11.253939
val,9.5,10.239976
val,6.6,6.673178
val,10.5,10.870911
val,5.5,6.1905913
val,5.9,9.678602
val,5.5,6.5222325
val,6.3,6.1781154
val,5.9,5.356336
val,5.6,6.327294
val,6.2,5.799219
val,8.1,8.923348
val,7.2,8.260963
val,11.2,5.8362775
val,7.9,10.25923
val,7.0,9.530579
val,8.6,9.371408
val,11.3,14.315939
val,11.0,12.714469
val,5.4,6.075969
val,5.6,4.991715
val,7.7,7.401914
val,11.7,6.251829
val,7.3,7.322
val,6.5,7.74459
val,4.4,5.3511357
val,4.1,4.791655
val,4.6,5.094193
val,9.5,9.320188
val,8.6,10.78136
val,9.3,10.856661
val,7.8,9.288244
val,4.7,4.3005824
val,4.8,5.797317
val,7.9,7.0527945
val,5.4,5.7286305
val,3.9,8.193372
val,6.3,9.164217
val,9.2,10.273291
val,8.1,9.967638
val,6.9,8.31866
val,11.1,9.167762
val,7.2,5.7151594
val,9.0,6.963556
val,7.3,6.9258437
val,7.3,7.471666
val,7.4,10.110265
val,9.2,9.059934
val,11.0,11.086946
val,9.6,9.100491
val,5.8,5.033455
val,5.8,6.8432493
val,8.5,10.549859
val,7.9,11.922024
val,6.2,8.345363
val,6.4,5.646688
val,7.3,8.980352
val,8.1,8.764226
val,7.1,9.921855
val,6.3,7.846198
val,7.0,6.5460134
val,9.9,7.9810786
val,9.5,10.282141
val,7.7,7.245037
val,4.5,4.188146
val,8.6,6.6471796
val,7.7,11.720583
val,8.8,10.397974
val,10.5,9.816687
val,7.2,7.3239517
val,6.5,7.255388
val,6.9,6.155214
val,5.8,5.6207376
val,9.0,4.8356814
val,7.4,7.1122932
val,7.2,8.841609
val,6.6,7.4944983
val,6.6,7.5435104
val,6.4,7.9632664
val,11.3,10.680075
val,9.3,11.307496
val,8.0,11.401332
val,6.4,9.332967
val,6.1,6.881892
val,5.8,6.688057
val,8.4,5.2246795
val,6.9,7.0745716
val,5.7,7.422249
val,5.7,5.782301
val,6.0,5.721294
val,5.1,5.536976
val,6.4,5.3924327
val,6.6,8.680975
val,6.6,7.6867704
val,22.5,5.0870323
val,11.2,11.509601
val,6.7,8.225177
val,5.4,5.7398667
val,13.5,16.775713
val,12.0,13.14038
val,6.3,8.467346
val,8.3,8.572162
val,7.7,11.621266
val,6.7,10.216515
val,6.9,7.5699735
val,8.9,11.406886
val,9.6,10.914262
val,8.8,9.616186
val,7.9,9.385283
val,7.1,7.9906244
val,6.9,6.5903006
val,6.3,7.252723
val,5.7,6.397509
val,6.6,10.0615
val,5.6,8.942294
val,6.8,8.035215
val,9.1,10.059815
val,8.9,11.46521
val,6.8,8.507883
val,6.9,6.7584505
val,6.3,7.194927
val,7.1,8.9908905
val,8.3,8.747312
val,7.9,9.807097
val,7.4,6.8643203
val,6.0,6.5256186
val,7.6,4.3780003
val,10.8,10.593806
val,8.2,12.512947
val,8.1,8.889126
val,8.3,7.8713956
val,7.3,8.5238905
val,13.6,8.8177595
val,9.5,7.2392287
val,5.3,4.6802344
val,7.9,11.662384
val,7.7,9.884185
val,9.5,11.400772
val,11.7,12.2607
val,10.3,12.309631
val,7.8,8.122306
val,6.1,6.233574
val,6.7,7.340962
val,6.7,9.281772
val,7.0,5.467746
val,9.4,5.961346
val,13.1,8.647549
val,11.6,7.144086
val,13.0,6.339791
val,6.7,6.226612
val,6.0,8.388135
val,6.4,8.208441
val,6.4,6.795713
val,11.6,8.906377
val,5.7,7.216601
val,6.2,6.553991
val,13.6,7.4468484
val,9.5,10.425727
val,8.7,11.126084
val,9.0,10.620327
val,6.9,9.371506
val,7.7,7.924102
val,6.7,8.508595
val,6.4,9.681782
val,7.3,7.685629
val,5.4,6.3253045
val,16.0,10.07883
val,10.2,12.76914
val,9.4,11.324501
val,7.2,7.0550375
val,7.2,9.437796
val,6.6,9.495124
val,6.6,7.434561
val,6.4,5.963056
val,8.4,6.93554
val,7.2,7.2778854
val,6.5,6.65863
val,6.8,9.327455
val,6.1,8.390938
val,9.4,9.124708
val,6.2,7.5374584
val,6.7,5.940746
val,7.8,6.6171036
val,5.9,7.376635
val,6.0,6.2799115
val,5.9,9.734678
val,8.5,5.2617383
val,6.3,6.7817016
val,7.0,5.9822197
val,20.4,8.103034
val,5.1,5.9765573
val,5.8,6.2356825
val,7.1,8.826636
val,5.5,6.5839305
val,9.9,5.4948306
val,10.3,6.641949
val,16.0,9.958105
val,7.9,8.345062
val,5.9,8.203971
val,9.0,8.387139
val,7.5,9.088388
val,6.9,8.666967
val,5.1,7.158481
val,4.4,6.0687704
val,5.5,7.400341
val,5.9,8.601646
val,5.7,5.636245
val,7.4,6.658941
val,7.3,10.250159
val,8.8,10.421894
val,9.7,12.396135
val,7.2,9.384218
val,6.3,7.64742
val,7.2,10.80854
val,7.5,9.628564
val,8.2,14.041644
val,6.5,8.440195
val,5.0,6.2021575
val,6.0,6.6707916
val,15.8,9.264346
val,5.0,6.9698024
val,5.8,7.0038204
val,6.2,8.257157
val,6.0,7.4431686
val,5.9,4.6566353
val,4.9,6.698964
val,5.6,7.733378
val,3.2,4.767968
val,4.3,7.194884
val,4.6,4.214354
val,6.6,8.821758
val,5.3,7.1585326
val,3.4,4.326133
val,5.4,7.7046475
val,8.0,8.092396
val,6.2,6.671701
val,4.4,4.3251476
val,6.3,7.5417075
val,4.3,5.735576
val,4.8,5.7445135
val,3.8,4.9181805
val,5.9,4.633928
val,3.8,6.9552336
val,9.9,12.030293
val,5.1,5.199386
val,5.3,7.284073
val,12.4,6.5129805
val,9.7,11.892414
val,10.5,10.417002
val,4.1,5.3759775
val,5.4,5.3246894
val,4.1,5.085263
val,7.0,8.955343
val,6.6,7.282389
val,7.3,10.443626
val,5.9,4.858287
val,3.9,4.366624
val,3.4,4.7442417
val,3.8,4.257846
val,3.8,4.642346
val,4.8,4.617986
val,6.7,7.1411753
val,5.0,4.324391
val,5.2,5.703236
val,3.9,4.8692317
val,8.3,9.042251
val,11.3,15.845935
val,14.2,20.408577
val,16.8,19.523678
val,6.8,8.829759
val,7.1,5.938272
val,5.4,3.818189
val,3.8,3.6588612
val,2.8,4.265417
val,3.3,5.1315813
val,6.6,6.6113234
val,4.2,5.755013
val,7.7,5.1774006
val,4.1,3.9132884
val,7.0,7.738771
val,6.9,6.7978883
val,5.5,4.4083567
val,2.6,5.5681252
val,3.3,3.867874
val,4.5,3.839925
val,3.7,4.6732283
val,4.3,4.8595614
val,8.1,4.5100713
val,3.8,4.9533434
val,3.4,3.7516973
val,3.0,3.885717
val,11.1,10.844696
val,10.1,12.34597
val,9.5,10.893587
val,5.1,5.468302
val,3.6,3.626517
val,4.0,4.336379
val,3.5,3.9815116
val,10.9,9.450219
val,9.2,9.288882
val,3.2,3.5926166
val,3.8,4.558079
val,10.3,4.6007566
val,7.3,4.97796
val,4.5,4.6247187
val,3.7,4.268418
val,5.3,7.777206
val,5.5,5.757122
val,11.4,4.0920725
val,10.9,5.0640283
val,9.3,11.1214485
val,6.3,4.8652678
val,5.9,5.2839518
val,13.8,11.906512
val,5.4,8.130585
val,5.8,4.0997915
val,5.1,5.0868444
val,4.3,4.552718
val,9.9,8.267295
val,7.8,7.81262
val,3.5,5.454268
val,3.9,8.417505
val,12.5,12.129734
val,16.2,11.142918
val,5.2,6.8192887
val,6.5,6.038312
val,5.4,5.100861
val,18.4,13.037019
val,12.8,14.5877905
val,5.8,4.1783257
val,3.6,3.1017518
val,3.6,3.8300812
val,6.0,6.434783
val,4.8,4.281739
val,6.0,4.515102
val,2.7,4.4391527
val,5.7,6.4512677
val,3.5,3.7428916
val,3.7,3.783002
val,8.5,11.338288
val,11.3,15.374717
val,5.0,5.3143673
val,3.4,3.9248369
val,3.0,3.7690582
val,5.8,5.7516375
val,5.3,5.280672
val,11.3,11.339414
val,8.8,10.673094
val,6.5,8.525188
val,6.9,7.3382587
val,8.5,9.615854
val,8.9,11.402148
val,7.4,8.475677
val,6.3,6.2611966
val,4.1,5.541972
val,2.9,4.82705
val,3.4,4.6687393
val,10.5,5.918153
val,21.2,8.841387
val,3.8,4.864634
val,9.4,11.695346
val,6.5,7.457676
val,6.3,5.4569535
val,4.6,4.5773706
val,5.3,5.3336377
val,5.5,4.3706894
val,4.3,5.136613
val,4.5,4.889323
val,4.6,4.330425
val,8.3,7.1772594
val,8.6,9.582416
val,5.0,5.425096
val,6.9,7.495234
val,5.0,5.6604953
val,4.0,4.150372
val,9.2,9.626831
val,6.6,7.2233667
val,6.7,6.6070895
val,6.3,6.329516
val,4.7,5.8003297
val,5.9,3.7474527
val,5.8,5.9099407
val,12.8,12.64981
val,8.6,9.584983
val,7.5,9.026744
val,4.0,5.240617
val,7.4,8.196744
val,6.6,7.7941628
val,7.6,6.9000244
val,8.6,9.413336
val,8.6,9.594802
val,8.3,8.596587
val,6.4,7.205864
val,5.8,5.4696226
val,5.9,10.258077
val,15.6,16.058641
val,11.8,12.6611395
val,7.8,6.480614
val,4.7,5.7346244
val,6.2,5.412657
val,6.9,6.9998174
val,8.1,9.398438
val,9.1,8.256268
val,5.3,5.993356
val,8.5,6.586733
val,4.6,4.3595386
val,5.9,7.368691
val,5.9,6.0679984
val,7.0,9.131173
val,4.2,5.216994
val,11.3,14.092616
val,7.4,6.9104443
val,8.7,8.488277
val,7.5,9.197731
val,5.7,7.5868764
val,4.8,6.9492717
val,6.7,5.621885
val,7.8,9.8907585
val,9.4,11.803383
val,8.8,8.01357
val,7.6,8.994086
val,6.8,11.587182
val,6.0,7.653434
val,5.9,5.0079374
val,10.4,9.328338
val,5.1,5.589273
val,9.8,9.625188
val,8.0,8.189787
val,5.9,8.771012
val,13.5,9.221895
val,10.8,10.458582
val,7.0,4.7503653
val,15.2,9.6438875
val,8.8,8.725293
val,10.9,12.199638
val,7.5,8.387649
val,5.9,4.1549735
val,7.3,5.745336
val,7.0,6.875746
val,9.0,10.381803
val,9.3,10.173536
val,8.8,8.168837
val,6.5,7.0133333
val,6.5,7.114051
val,6.8,7.0910034
val,5.1,4.901501
val,5.5,6.0466223
val,6.9,5.8702774
val,12.0,10.604539
val,12.4,13.57536
val,6.4,5.6670766
val,6.9,7.5855827
val,6.9,8.311484
val,6.2,8.679443
val,6.7,8.044081
val,6.4,6.030966
val,9.3,7.7015204
val,6.3,7.110181
val,6.4,7.1276255
val,7.5,9.284977
val,10.6,11.837477
val,9.5,13.404346
val,10.5,12.571888
val,8.7,11.468726
val,8.4,11.404943
val,7.5,4.5276585
val,8.1,6.6633873
val,8.9,5.332034
val,12.0,7.1855536
val,7.0,9.460598
val,7.4,8.893905
val,8.1,8.57883
val,6.5,5.415871
val,5.8,8.887791
val,6.3,8.2228365
val,4.9,7.1053944
val,11.1,10.842956
val,6.8,8.971018
val,6.5,9.161492
val,8.4,7.9118276
val,10.2,10.854584
val,7.9,12.158903
val,8.8,9.287265
val,9.8,10.489608
val,6.3,12.130847
val,8.5,11.065051
val,6.6,10.780173
val,6.6,8.784915
val,6.1,7.186061
val,11.0,6.92495
val,5.8,7.5950227
val,8.5,8.509503
val,6.8,9.986444
val,7.0,6.7063637
val,7.0,5.911884
val,6.3,6.182304
test,8.9,9.983811
test,8.6,8.387719
test,7.2,8.507607
test,6.9,7.070769
test,8.2,7.9190145
test,10.1,11.611852
test,9.4,10.4835415
test,8.4,9.887406
test,9.1,10.520919
test,12.6,8.427432
test,6.4,7.284215
test,9.4,7.9113846
test,8.5,6.9513683
test,5.2,7.0044994
test,6.4,7.394428
test,7.5,9.08342
test,8.8,10.370125
test,6.5,10.080562
test,8.9,11.4198885
test,9.3,10.294953
test,10.4,8.172712
test,6.3,7.3072042
test,5.9,6.6575556
test,6.2,9.453721
test,6.8,8.407857
test,8.4,9.662305
test,5.5,8.2186
test,10.2,7.0740805
test,8.2,11.099476
test,6.4,8.361484
test,6.3,6.608976
test,6.2,7.7083807
test,7.6,10.043537
test,7.2,10.860013
test,7.3,12.091111
test,8.3,13.729034
test,6.0,4.6561503
test,6.9,8.157652
test,6.8,9.690075
test,5.8,8.47546
test,7.1,8.571047
test,7.3,9.280722
test,6.9,8.584331
test,7.4,8.939039
test,9.4,9.872164
test,10.5,9.462528
test,7.9,6.9083734
test,9.9,12.837376
test,7.4,10.527993
test,8.3,10.075942
test,6.6,7.030163
test,6.2,6.607461
test,6.8,8.047239
test,7.1,9.56872
test,4.9,6.875717
test,7.5,9.121975
test,5.5,6.071018
test,7.1,7.8542347
test,6.2,7.130878
test,6.8,8.438212
test,6.4,7.5354757
test,3.5,5.49719
test,6.9,8.07213
test,9.8,11.64679
test,8.3,10.581827
test,4.1,9.447477
test,4.1,6.596712
test,12.0,6.076767
test,6.3,7.639003
test,6.0,9.192069
test,8.5,11.572094
test,9.0,11.681864
test,8.4,10.254922
test,11.1,10.748333
test,8.1,10.39661
test,6.5,6.907133
test,6.5,6.8751554
test,4.4,4.712575
test,11.8,8.124113
test,4.1,7.8271637
test,7.8,10.964324
test,6.5,9.587853
test,8.7,8.746614
test,6.2,7.9710846
test,10.3,13.989928
test,4.7,6.174814
test,6.6,7.521774
test,7.4,6.658615
test,7.4,8.48152
test,9.1,9.971279
test,8.3,12.173115
test,4.8,4.811445
test,6.6,5.7197247
test,7.4,7.702588
test,7.3,8.963854
test,6.8,8.515618
test,8.3,6.8543997
test,5.8,7.4548883
test,4.3,4.6415405
test,6.6,5.2213287
test,7.5,4.6104646
test,7.7,7.6191335
test,10.3,10.651802
test,6.0,6.705486
test,6.2,7.370211
test,5.3,7.569662
test,5.6,8.1305685
test,6.4,7.90382
test,9.6,14.406212
test,5.5,7.70725
test,7.4,7.0043335
test,4.4,7.101103
test,4.1,6.6104827
test,5.2,7.40599
test,7.3,7.159088
test,4.6,5.84559
test,4.2,7.9325175
test,4.4,4.2659073
test,5.6,6.7709036
test,6.4,7.693639
test,6.8,9.767006
test,10.0,7.2415757
test,6.8,8.244261
test,6.7,9.478344
test,4.9,9.825138
test,5.9,8.660568
test,4.6,4.6844525
test,7.0,9.3561325
test,7.6,9.523895
test,4.9,6.999098
test,5.9,8.636077
test,4.6,4.52128
test,4.5,6.1318274
test,5.3,7.394314
test,6.9,8.405217
test,3.7,4.10419
test,8.6,7.316573
test,3.2,6.083094
test,4.7,4.3800216
test,6.0,5.113568
test,4.0,7.1024237
test,5.4,5.4312205
test,4.1,5.3368936
test,5.0,6.3434362
test,5.2,7.2216015
test,6.3,10.508204
test,8.8,9.794463
test,5.9,7.8703594
test,4.1,4.3621736
test,4.5,5.745312
test,3.3,3.7687778
test,3.6,5.334117
test,5.3,5.6767144
test,6.6,6.8650417
test,4.9,5.3426743
test,5.5,7.762687
test,3.2,5.590636
test,5.4,7.282037
test,4.7,7.4436665
test,10.0,9.453033
test,6.2,9.352708
test,9.1,10.755899
test,5.6,7.4242907
test,6.1,6.3751516
test,6.2,6.6267657
test,7.4,12.151358
test,12.8,13.679368
test,7.9,8.341975
test,6.2,6.6266704
test,5.5,5.8126264
test,3.5,4.7180147
test,1.8,4.780569
test,5.1,8.016207
test,1.8,4.589466
test,3.8,5.7442846
test,11.4,8.520692
test,4.9,8.838042
test,4.0,9.446636
test,7.6,9.596512
test,4.2,5.6847
test,4.6,5.9596767
test,4.0,4.0991893
test,6.7,7.650794
test,6.2,8.72304
test,3.8,7.3198013
test,3.4,6.9070516
test,8.8,8.668284
test,7.5,7.138015
test,5.1,8.049067
test,6.1,9.178856
test,5.6,8.501075
test,5.6,9.883929
test,11.4,18.967777
test,19.6,22.491257
test,5.1,11.81015
test,4.6,3.390953
test,6.0,6.8346043
test,5.0,6.7324944
test,5.5,5.6862493
test,7.3,8.61217
test,4.9,10.722693
test,5.9,8.874521
test,6.8,9.06749
test,9.1,10.463864
test,8.9,10.0315
test,5.1,7.3806677
test,7.7,11.957444
test,6.3,9.8771305
test,6.6,6.5611916
test,4.5,4.342502
test,3.2,4.927779
test,3.8,5.351979
test,3.1,4.949969
test,5.2,6.677687
test,10.0,7.813172
test,3.7,4.255698
test,5.2,6.037853
test,6.7,8.816467
test,13.0,11.374383
test,11.0,12.059359
test,9.7,11.773664
test,8.2,9.150194
test,18.5,9.75985
test,10.3,8.827327
test,4.2,5.785927
test,3.4,5.073254
test,6.0,5.0108037
test,5.2,7.222494
test,8.4,9.272771
test,9.6,8.573284
test,8.8,9.09487
test,9.3,9.797332
test,5.4,5.134361
test,9.3,14.32604
test,12.8,6.9394107
test,6.4,7.9901314
test,6.8,5.589381
test,7.7,6.9093304
test,8.1,5.9641905
test,5.9,5.297351
test,6.4,6.337464
test,4.4,4.30648
test,8.4,7.9619975
test,7.2,7.7249246
test,8.5,7.797488
test,7.9,5.471814
test,10.9,12.566647
test,12.2,14.833239
test,11.1,12.68685
test,13.3,12.512434
test,9.6,10.144686
test,5.9,7.004576
test,5.6,8.042045
test,4.7,8.682622
test,16.4,9.912154
test,12.0,12.71419
test,12.7,14.406053
test,5.1,6.488454
test,8.3,9.725166
test,5.6,7.413838
test,12.2,11.334552
test,8.9,9.914851
test,5.3,7.5140977
test,8.8,8.168293
test,10.0,8.476253
test,5.4,10.078532
test,7.0,10.107276
test,7.5,10.470071
test,11.1,15.591088
test,11.5,14.501151
test,9.8,15.829059
test,12.4,13.068913
test,8.1,10.572719
test,5.3,5.4431577
test,5.9,7.5061994
test,10.1,12.314147
test,14.2,11.765348
test,5.5,6.0514984
test,6.0,7.03899
test,9.0,10.884145
test,8.4,10.627845
test,4.7,6.6285286
test,10.0,10.602506
test,9.3,12.650142
test,7.5,10.741843
test,6.4,8.615696
test,11.0,10.011176
test,9.3,10.02917
test,7.8,11.491798
test,9.1,9.949114
test,7.5,8.744752
test,10.0,11.503501
test,8.3,9.5033045
test,8.5,9.147441
test,6.8,7.7187505
test,9.0,9.170721
test,8.5,11.06249
test,7.3,8.587556
test,6.5,7.1341343
test,7.4,8.502074
test,6.8,8.249567
test,5.8,5.934464
test,6.2,9.360384
test,8.7,11.186731
test,10.0,13.941505
test,15.8,17.012583
test,15.8,16.681
test,12.5,17.712292
test,6.2,6.9901237
test,9.0,10.179963
test,10.6,9.508429
test,6.6,10.594254
test,8.1,7.7665944
test,10.4,13.467358
test,10.8,13.902633
test,10.4,9.375949
test,10.2,9.464916
test,3.2,6.3127427
test,5.2,8.938248
test,7.8,6.764948
test,7.5,14.143039
test,9.3,10.270689
test,8.0,6.1819005
test,8.9,7.904305
test,5.9,8.033109
test,16.2,12.554932
test,5.1,7.55802
test,8.1,9.176319
test,7.3,8.481118
test,7.1,10.220416
test,7.3,8.061915
test,13.9,13.987062
test,13.4,13.833024
test,4.5,7.7773805
test,8.9,10.858106
test,8.8,10.146519
test,9.6,11.83093
test,10.8,12.909
test,9.8,14.055338
test,9.1,11.517149
test,10.7,13.299339
test,8.9,12.327173
test,9.9,11.882057
test,10.4,11.919304
test,8.3,10.651816
test,9.0,10.591692
test,9.8,8.150783
test,6.4,6.031657
test,12.6,7.3142004
test,7.6,8.141716
test,6.8,7.223972
test,7.4,10.686031
test,11.2,12.639649
test,10.7,11.818253
test,7.3,10.996341
test,7.4,9.593395
test,6.4,5.404056
test,7.0,7.717756
test,10.4,12.680444
test,9.6,12.118879
test,6.7,7.9198875
test,7.8,9.741801
test,9.8,14.808768
test,7.3,9.352062
test,6.0,7.581424
test,17.2,21.043924
test,18.6,21.215445
test,4.8,16.163017
test,6.6,10.599584
test,11.0,13.907526
test,11.1,11.760909
test,15.8,20.037415
test,11.0,11.432408
test,12.6,18.090551
test,14.7,8.452421
test,14.0,15.345834
test,10.6,15.621493
test,9.3,11.876806
test,17.9,17.251913
test,15.8,15.701377
test,12.6,15.113556
test,13.5,19.220497
test,11.9,13.530992
test,24.3,29.186686
test,20.3,21.27798
test,20.6,16.617077
test,16.2,11.421107
test,16.8,13.040288
test,11.1,6.0374885
test,11.3,12.139196
test,17.1,18.56879
test,18.8,18.087652
test,8.6,9.347234
test,11.3,5.8892426
test,11.2,11.396827
test,18.8,17.102097
test,10.9,12.333097
test,9.2,12.713189
test,10.6,10.84933
test,14.2,13.007015
test,13.5,14.564547
test,12.3,13.535014
test,12.2,12.281253
test,13.8,26.300283
test,18.7,40.448112
test,12.4,14.488581
test,13.0,15.744402
test,23.4,19.276098
test,17.0,23.568964
test,23.3,25.235168
test,8.3,11.991368
test,7.8,15.1902895
test,9.9,13.072454
test,10.7,12.374077
test,15.7,13.930474
test,11.1,12.601457
test,14.4,12.657818
test,11.3,11.473079
test,12.9,11.347894
test,20.5,17.846563
test,19.5,18.869165
test,17.0,14.768965
test,16.6,16.440765
test,11.9,13.322827
test,22.6,25.124842
test,7.1,16.260557
test,12.1,12.610059
test,16.6,18.47817
test,25.5,21.6258
test,15.7,16.172895
test,13.6,16.007874
test,5.8,6.149301
test,12.4,11.452714
test,8.7,9.979872
test,13.7,17.304085
test,16.0,13.689836
test,12.7,18.90934
test,8.3,13.352791
test,13.3,13.709144
test,21.7,25.151133
test,10.1,13.973187
test,12.3,13.920618
test,9.4,12.379941
test,15.6,17.128702
test,13.4,18.155258
test,16.0,20.9084
test,18.9,23.04186
test,9.1,16.633224
test,15.1,19.867706
test,17.8,21.667334
test,9.5,17.460339
test,16.5,22.157175
test,17.5,22.396559
test,17.6,22.515486
test,17.0,23.80345
test,15.4,24.067322
test,17.5,19.970646
test,17.6,22.514004
test,15.2,17.539072
test,14.9,18.89711
test,18.7,19.147041
test,13.5,9.518697
test,11.0,9.507463
test,13.1,12.702546
test,14.1,15.834058
test,10.3,12.485293
test,13.4,23.581707
test,14.5,24.77835
test,13.8,18.927639
test,10.8,13.703678
test,7.3,11.263594
test,11.1,11.188243
test,19.4,28.41253
test,19.1,29.645205
test,11.5,15.2548485
test,13.7,21.376213
test,15.5,24.15718
test,15.3,21.54217
test,10.3,11.240634
test,7.3,7.558263
test,7.8,9.044864
test,6.1,8.432451
test,7.9,6.600548
test,6.9,7.7074666
test,8.3,11.971006
test,9.6,11.520713
test,7.1,10.149663
test,7.8,9.49045
test,9.9,7.5872
test,6.3,7.021394
test,8.1,7.3419023
test,7.4,5.437397
test,7.5,10.705625
test,6.3,7.167362
test,7.9,9.830384
test,7.2,11.192315
test,6.7,10.568305
test,6.4,9.696943
test,8.2,8.432468
test,13.0,7.021952
test,7.0,5.861749
test,9.9,4.6904316
test,6.6,6.801866
test,7.3,8.159866
test,10.8,8.347152
test,5.2,4.8623195
test,10.7,4.5085683
test,7.0,8.357212
test,10.5,8.8257675
test,9.1,7.464816
test,7.3,8.7738695
test,7.4,10.138678
test,8.1,7.800691
test,10.0,9.469265
test,11.1,13.816356
test,5.5,5.957433
test,7.3,8.172841
test,5.6,8.714577
test,9.2,6.320626
test,8.1,8.921769
test,8.1,8.567841
test,7.1,7.767917
test,7.7,7.2468314
test,12.5,9.219334
test,9.5,10.020109
test,5.6,5.4148827
test,10.1,11.670057
test,7.9,9.761615
test,9.5,10.644857
test,6.4,6.547655
test,5.3,6.143605
test,7.8,9.182238
test,5.9,7.2813478
test,3.8,4.2880855
test,11.9,8.039221
test,3.9,5.43904
test,5.4,7.8674345
test,5.6,7.6364026
test,5.9,5.713434
test,7.6,6.0501466
test,3.9,3.926801
test,14.1,9.706278
test,8.9,11.167352
test,5.3,7.7063613
test,5.1,4.9653807
test,10.6,6.375574
test,7.3,7.332472
test,7.2,7.824417
test,5.8,10.300068
test,8.4,11.49561
test,6.3,10.044631
test,6.7,7.979046
test,6.7,8.326415
test,6.7,8.883167
test,4.6,6.8631783
test,6.8,6.9643555
test,5.3,4.690076
test,8.6,7.370262
test,5.7,8.558565
test,6.5,11.851788
test,8.1,9.908427
test,8.6,9.958637
test,6.0,6.0038705
test,9.3,12.743748
test,5.6,7.388607
test,4.9,6.635851
test,7.9,6.520054
test,10.8,6.1186185
test,10.9,9.302895
test,10.9,9.820168
test,5.4,6.4200683
test,4.3,5.955676
test,6.6,6.3310003
test,8.1,10.016775
test,6.2,7.704116
test,5.4,6.604524
test,4.8,7.286334
test,4.2,5.5910196
test,6.4,5.5197153
test,5.2,5.2345376
test,9.2,9.134242
test,5.2,7.013888
test,4.7,6.653453
test,5.0,5.7324615
test,5.4,5.8265314
test,5.4,7.172638
test,6.8,6.3630505
test,11.3,16.28751
test,7.4,9.395402
test,4.5,6.7110248
test,4.4,5.3504343
test,4.8,6.8528695
test,5.8,6.342697
test,5.2,6.2565503
test,6.1,6.136677
test,5.6,6.767797
test,4.3,4.2871723
test,4.9,4.9896483
test,5.3,6.383198
test,5.4,7.2733564
test,6.0,8.556546
test,4.6,9.41061
test,3.2,6.037425
test,4.9,5.820819
test,8.2,5.0278673
test,9.6,3.6703544
test,8.1,10.672229
test,6.9,8.0867
test,7.1,8.521162
test,5.9,6.179133
test,3.4,3.6277452
test,5.5,5.0828753
test,6.0,6.8451004
test,7.3,8.976818
test,4.2,5.076696
test,3.1,5.3087373
test,3.3,4.4691715
test,4.4,3.9023988
test,4.3,5.489395
test,3.2,3.7842462
test,5.3,4.3255205
test,2.8,4.8460455
test,4.1,5.7483354
test,3.3,5.8500032
test,6.1,9.412981
test,12.2,8.61382
test,4.3,6.2296176
test,6.2,5.5595217
test,3.5,5.5120344
test,6.3,4.067303
test,4.3,4.2881336
test,3.6,4.4142747
test,5.6,5.2227063
test,4.5,4.296883
test,3.2,5.559142
test,4.5,4.020304
test,5.1,6.124876
test,3.5,4.952248
test,8.4,9.083746
test,8.7,6.4726577
test,9.0,10.5405855
test,4.6,5.2864223
test,4.1,5.888931
test,3.9,5.8077726
test,6.4,11.383856
test,16.6,16.752687
test,6.1,9.443336
test,5.9,6.2701945
test,3.4,4.5402613
test,4.2,4.5321484
test,4.8,4.4689765
test,5.5,6.159483
test,4.8,5.704488
test,4.5,5.2292595
test,10.0,9.349519
test,6.8,6.5358686
test,5.9,7.217659
test,10.4,9.484139
test,6.1,5.233964
test,3.9,4.58077
test,3.9,2.992373
test,3.6,5.3619933
test,3.2,5.0764546
test,3.3,5.7991457
test,2.8,7.7237363
test,4.4,5.8336067
test,4.8,8.35769
test,8.1,10.263344
test,3.7,6.1991205
test,5.7,7.08523
test,6.8,10.440469
test,9.0,12.020022
test,16.9,21.260427
test,8.5,10.857845
test,3.7,4.0087366
test,6.4,7.025986
test,4.5,4.3753176
test,5.0,6.5490384
test,7.6,9.297736
test,5.6,7.3545895
test,8.0,5.191453
test,7.7,7.644369
test,9.5,9.776241
test,5.6,8.227143
test,6.4,5.848641
test,9.8,11.297783
test,5.5,9.158867
test,6.2,5.211221
test,5.1,4.726212
test,3.5,3.91474
test,4.5,4.001039
test,4.9,4.337512
test,7.4,4.9771585
test,5.2,5.4179764
test,4.3,4.5880117
test,4.4,4.7704773
test,9.1,6.4117055
test,8.5,7.711313
test,9.2,11.156027
test,6.3,8.467772
test,4.4,5.906825
test,12.8,7.751913
test,8.5,7.393815
test,4.3,4.494852
test,3.7,4.317406
test,4.0,4.2718205
test,3.0,5.524506
test,8.7,6.872741
test,14.5,9.399798
test,8.2,8.283427
test,9.2,10.384767
test,5.0,5.1434135
test,12.0,14.741328
test,8.2,8.8828945
test,5.5,8.296805
test,7.5,6.7074356
test,6.1,6.857834
test,4.7,5.8281684
test,6.7,7.936823
test,4.9,5.753497
test,3.8,4.375312
test,5.4,5.184294
test,4.5,3.7412217
test,7.0,6.9950285
test,6.2,4.127339
test,9.5,7.1214314
test,10.2,13.295476
test,8.9,10.620934
test,6.8,8.529724
test,12.6,12.661166
test,6.3,6.308954
test,4.6,5.8061953
test,6.8,7.0673513
test,13.5,9.084716
test,8.5,9.515614
test,10.7,12.830436
test,4.5,4.487713
test,7.6,7.617946
test,5.5,5.9172964
test,10.1,12.63244
test,7.9,6.644538
test,4.7,5.5479326
test,7.1,5.8062654
test,18.9,6.296617
test,10.0,8.960257
test,5.9,8.045876
test,7.9,10.220733
test,15.0,13.255284
test,8.0,12.466478
test,9.5,13.373939
test,5.2,10.910364
test,5.7,8.380195
test,5.4,6.0632486
test,6.7,8.430267
test,5.6,8.299235
test,11.6,10.343942
test,5.8,5.620412
test,4.5,6.002185
test,5.5,10.586343
test,6.1,8.807305
test,5.9,8.186534
test,5.3,7.967268
test,7.7,12.863907
test,6.0,8.995297
test,6.7,7.4465017
test,8.0,12.122257
test,6.1,8.6289215
test,6.5,12.44386
test,9.9,11.682392
test,7.2,9.241638
test,8.2,10.88105
test,5.7,9.438677
test,4.8,7.754565
test,7.3,6.980525
test,8.4,6.9193964
test,6.5,10.193606
test,6.2,7.658542
test,6.5,7.746711
test,5.3,8.261035
test,8.3,6.2573338
test,7.6,7.5413013
test,5.5,6.786281
test,8.2,10.98696
test,8.1,13.80976
test,8.9,12.564818
test,11.0,13.719609
test,15.0,19.46406
test,6.4,8.20334
test,5.5,8.906024
test,5.2,6.2884674
test,8.5,9.839539
test,5.7,7.812449
test,6.4,9.840815
test,10.4,9.930185
test,9.3,11.874022
test,7.2,7.739822
test,4.4,4.0940037
test,5.5,9.21472
test,4.0,6.8919764
test,5.9,13.323762
test,9.1,12.953681
test,5.2,5.969641
test,6.0,9.369589
test,6.7,7.120258
test,6.5,11.822411
test,5.6,9.639181
test,5.8,9.455067
test,7.2,11.544969
test,5.1,9.762424
test,4.8,7.5191026
test,8.0,14.334693
test,5.1,10.442921
test,4.3,7.240788
test,6.9,10.225779
test,17.1,7.514686
test,7.0,12.578572
test,7.3,11.842882
test,8.1,13.693616
test,5.0,9.824875
test,8.5,12.952449
test,8.0,11.866578
test,8.1,13.303065
test,6.0,10.57745
test,5.5,10.162418
test,6.4,9.243771
test,5.8,6.260769
test,11.5,7.2878094
test,14.4,8.283294
test,10.2,6.899886
test,6.1,5.1130714
test,6.3,9.362505
test,12.0,9.472353
test,6.3,11.247137
test,4.6,8.231471
test,6.0,7.993101
test,9.9,6.5312448
test,6.8,9.4707
test,9.7,16.762081
test,7.7,8.928815
test,6.9,9.801916
test,7.3,9.214512
test,15.2,13.503467
test,5.9,8.809309
test,7.3,9.7439375
